mail_date,section_label,number,title,source,is_syndicated,urls,document
2025-04-08,동국대 [법인/건학위],1,동국대 이사장 돈관 스님 “미래세대 전법 파도 더 널리 확산토록 정진”,법보신문,True,"https://www.beopbo.com/news/articleView.html?idxno=328363
https://www.ibulgyo.com/news/articleView.html?idxno=424481",artifacts/hongbo_original_comparison/originals/오늘의주요뉴스/오늘의 주요 뉴스(250408).hwp
2025-04-08,동국대 [법인/건학위],2,동국대학교 박물관 - 부처님을 만나는 법,현대불교신문,False,https://www.hyunbulnews.com/news/articleView.html?idxno=418487,artifacts/hongbo_original_comparison/originals/오늘의주요뉴스/오늘의 주요 뉴스(250408).hwp
2025-04-08,동국대 [법인/건학위],3,"동국대 김교범 교수팀, 간 질환 치료용 신개념 줄기세포 치료제 개발",베리타스알파,False,https://www.veritas-a.com/news/articleView.html?idxno=548854,artifacts/hongbo_original_comparison/originals/오늘의주요뉴스/오늘의 주요 뉴스(250408).hwp
2025-04-08,동국대 [법인/건학위],4,[김재수 석좌교수 칼럼] 산불 방제 정책의 대전환을 기대하며,이투데이,False,https://www.etoday.co.kr/news/view/2459624,artifacts/hongbo_original_comparison/originals/오늘의주요뉴스/오늘의 주요 뉴스(250408).hwp
2025-04-08,동국대 [법인/건학위],5,"[황주리 석좌교수 칼럼] 눈인지, 벚꽃인지, 눈물인지",중앙일보,False,https://www.joongang.co.kr/article/25326811,artifacts/hongbo_original_comparison/originals/오늘의주요뉴스/오늘의 주요 뉴스(250408).hwp
2025-04-08,대학 [교육],1,증원 많았던 지방의대 최저합격점 1.11등급 하락,동아일보,False,https://www.donga.com/news/Society/article/all/20250406/131359683/2,artifacts/hongbo_original_comparison/originals/오늘의주요뉴스/오늘의 주요 뉴스(250408).hwp
2025-04-08,대학 [교육],2,민(民)-관(官)-학(學) 협력으로 고속 성장 중인 중국 인공지능(AI) 산업,KOTRA 해외시장뉴스,False,https://dream.kotra.or.kr/kotranews/cms/news/actionKotraBoardDetail.do?SITE_NO=3&MENU_ID=180&CONTENTS_NO=1&bbsGbn=243&bbsSn=243&pNttSn=227550,artifacts/hongbo_original_comparison/originals/오늘의주요뉴스/오늘의 주요 뉴스(250408).hwp
2025-04-08,불교 [종단],1,종교 신뢰도 1위는 ‘불교’…청년층서 높아,불교IN,False,https://www.bulgyo-in.com/news/articleView.html?idxno=941,artifacts/hongbo_original_comparison/originals/오늘의주요뉴스/오늘의 주요 뉴스(250408).hwp
2025-04-08,불교 [종단],2,풍성한 불교문화의 달 4월...국제선명상축제·불교박람회 인파 몰려,BBS,False,https://news.bbsi.co.kr/news/articleView.html?idxno=4024863,artifacts/hongbo_original_comparison/originals/오늘의주요뉴스/오늘의 주요 뉴스(250408).hwp
2025-04-10,동국대 [법인/건학위],1,"동국대, 봉축등 점등식 ... 감로비 속 불밝힌 1만6천 연등",BBS,True,"https://news.bbsi.co.kr/news/articleView.html?idxno=4025445
https://www.hyunbulnews.com/news/articleView.html?idxno=418564",artifacts/hongbo_original_comparison/originals/오늘의주요뉴스/오늘의 주요 뉴스(250410).hwp
2025-04-10,동국대 [법인/건학위],2,"[포토] ""부처님 저 좀 도와주세요"", "" 학점 4.5 기원""...동국대 연등 소원",한국대학신문,False,https://news.unn.net/news/articleView.html?idxno=577429,artifacts/hongbo_original_comparison/originals/오늘의주요뉴스/오늘의 주요 뉴스(250410).hwp
2025-04-10,동국대 [법인/건학위],3,[포토] ‘연등회 D-17’ 동국대 연등 제작 ‘삼매경’,현대불교신문,True,"https://www.hyunbulnews.com/news/articleView.html?idxno=418557
https://www.ibulgyo.com/news/articleView.html?idxno=424689",artifacts/hongbo_original_comparison/originals/오늘의주요뉴스/오늘의 주요 뉴스(250410).hwp
2025-04-10,동국대 [법인/건학위],4,"동국대, 4개 대학과 인문사회 융합인재양성사업 컨소시엄 업무협약 체결",뉴시스,False,https://www.newsis.com/view/NISX20250409_0003132936,artifacts/hongbo_original_comparison/originals/오늘의주요뉴스/오늘의 주요 뉴스(250410).hwp
2025-04-10,동국대 [법인/건학위],5,"동국대 건학위, '불교사전' 29일 봉정식 열어",BBS,False,https://news.bbsi.co.kr/news/articleView.html?idxno=4025353,artifacts/hongbo_original_comparison/originals/오늘의주요뉴스/오늘의 주요 뉴스(250410).hwp
2025-04-10,대학 [교육],1,내년 의대 모집인원 확정 3주 앞인데…정부·의료계 평행선,이데일리,False,https://www.edaily.co.kr/News/Read?newsId=03365286642134480&mediaCodeNo=257&OutLnkChk=Y,artifacts/hongbo_original_comparison/originals/오늘의주요뉴스/오늘의 주요 뉴스(250410).hwp
2025-04-10,대학 [교육],2,"대교협 ""대학평가인증 결과와 국가장학금 연계 폐지해야""",뉴스1,False,https://www.news1.kr/society/education/5747599,artifacts/hongbo_original_comparison/originals/오늘의주요뉴스/오늘의 주요 뉴스(250410).hwp
2025-04-10,불교 [종단],1,제78차 원로회의…신임 원로의원 보광대종사 선출,불교신문,False,https://slv.ibulgyo.com/news/articleView.html?idxno=424675,artifacts/hongbo_original_comparison/originals/오늘의주요뉴스/오늘의 주요 뉴스(250410).hwp
2025-04-10,불교 [종단],2,"장원영도, 제니도 푹 빠졌다...“젊은 사람들은 요새 다 이거 봐요”",매일경제,False,https://www.mk.co.kr/news/culture/11286942,artifacts/hongbo_original_comparison/originals/오늘의주요뉴스/오늘의 주요 뉴스(250410).hwp
2025-04-14,동국대 [법인/건학위],1,"동국대, 4·19혁명 기념 등산대회 개최",뉴시스,True,"https://www.newsis.com/view/NISX20250411_0003135881
https://news.unn.net/news/articleView.html?idxno=577543",artifacts/hongbo_original_comparison/originals/오늘의주요뉴스/오늘의 주요 뉴스(250414).hwp
2025-04-14,동국대 [법인/건학위],2,"송석환 동진기업 회장, 동국대 발전기금 1억원 기부",불교신문,True,"https://www.ibulgyo.com/news/articleView.html?idxno=424744
https://www.asiatoday.co.kr/kn/view.php?key=20250410010006328",artifacts/hongbo_original_comparison/originals/오늘의주요뉴스/오늘의 주요 뉴스(250414).hwp
2025-04-14,동국대 [법인/건학위],3,동국대 불교동아리 활동 ‘연착륙’…신행·문화탐방·연합법회 활발,법보신문,False,https://www.beopbo.com/news/articleView.html?idxno=328440,artifacts/hongbo_original_comparison/originals/오늘의주요뉴스/오늘의 주요 뉴스(250414).hwp
2025-04-14,동국대 [법인/건학위],4,"동국대 ""ESG경영은 선택 아닌 필수""...올해 중점사업 논의",BBS,False,https://news.bbsi.co.kr/news/articleView.html?idxno=4025651,artifacts/hongbo_original_comparison/originals/오늘의주요뉴스/오늘의 주요 뉴스(250414).hwp
2025-04-14,동국대 [법인/건학위],5,"동국대학교, HUSS 컨소시엄 업무협약 체결",내일신문,True,"https://www.naeil.com/news/read/544570?ref=naver
https://www.segye.com/newsView/20250411515278?OutUrl=naver",artifacts/hongbo_original_comparison/originals/오늘의주요뉴스/오늘의 주요 뉴스(250414).hwp
2025-04-14,동국대 [법인/건학위],6,[동문소식 – 이근안(경찰행정 94)] 이근안 신임 포항해양경찰서장 취임...“현장 중심 해양치안 실현”,아이뉴스24,False,https://www.inews24.com/view/1833711,artifacts/hongbo_original_comparison/originals/오늘의주요뉴스/오늘의 주요 뉴스(250414).hwp
2025-04-14,대학 [교육],1,의대 정원 '5058 or 3058' 결정의 시간 임박…분주한 정부·의료계,뉴시스,False,https://www.newsis.com/view/NISX20250413_0003136994,artifacts/hongbo_original_comparison/originals/오늘의주요뉴스/오늘의 주요 뉴스(250414).hwp
2025-04-14,대학 [교육],2,고특회계 성과와 과제는…제3차 고등교육재정혁신 토론회 개최,연합뉴스,False,https://www.yna.co.kr/view/AKR20250410059600530?input=1195m,artifacts/hongbo_original_comparison/originals/오늘의주요뉴스/오늘의 주요 뉴스(250414).hwp
2025-04-14,불교 [종단],1,"대형 산불, 사찰림이 위험하다",현대불교신문,False,https://www.hyunbulnews.com/news/articleView.html?idxno=418628,artifacts/hongbo_original_comparison/originals/오늘의주요뉴스/오늘의 주요 뉴스(250414).hwp
2025-04-14,불교 [종단],2,"조계종, 3원통합 기념 ‘신도증 무료재발급’ 이벤트",불교IN,False,https://www.bulgyo-in.com/news/articleView.html?idxno=963,artifacts/hongbo_original_comparison/originals/오늘의주요뉴스/오늘의 주요 뉴스(250414).hwp
2025-04-15,동국대 [법인/건학위],1,"재단법인 법보선원, 동국대에 장학기금 10억원 기부",불교신문,True,"https://slv.ibulgyo.com/news/articleView.html?idxno=424826
https://www.hyunbulnews.com/news/articleView.html?idxno=418653",artifacts/hongbo_original_comparison/originals/오늘의주요뉴스/오늘의 주요 뉴스(250415).hwp
2025-04-15,동국대 [법인/건학위],2,"영광 원각사, 동국대 불교대학 동아리 '가람수호'에 장학금 전달",BBS,True,"https://news.bbsi.co.kr/news/articleView.html?idxno=4025548
https://www.beopbo.com/news/articleView.html?idxno=328487",artifacts/hongbo_original_comparison/originals/오늘의주요뉴스/오늘의 주요 뉴스(250415).hwp
2025-04-15,동국대 [법인/건학위],3,‘젊은 불자’ 양성 나선 동국대...불교동아리 어느새 25개,아시아투데이,True,"https://www.asiatoday.co.kr/kn/view.php?key=20250414010008303
https://www.beopbo.com/news/articleView.html?idxno=328429",artifacts/hongbo_original_comparison/originals/오늘의주요뉴스/오늘의 주요 뉴스(250415).hwp
2025-04-15,동국대 [법인/건학위],4,[동문소식 – 박영진(회계 91)] ‘NPL비율 평균 상회’ 국민은행 윤준태·박영진 행보 주목,FETV,False,https://www.fetv.co.kr/news/article.html?no=190368,artifacts/hongbo_original_comparison/originals/오늘의주요뉴스/오늘의 주요 뉴스(250415).hwp
2025-04-15,동국대 [법인/건학위],5,“시대를 위로하는 판화 속 부처” 동국대 미술학부 사제들이 뭉친 사연은?,BBS,False,https://news.bbsi.co.kr/news/articleView.html?idxno=4025856,artifacts/hongbo_original_comparison/originals/오늘의주요뉴스/오늘의 주요 뉴스(250415).hwp
2025-04-15,대학 [교육],1,의대생들 ‘유급불사’ 강경 투쟁… ‘트리플링’ 현실되나,문화일보,False,https://www.munhwa.com/article/11498787?ref=naver,artifacts/hongbo_original_comparison/originals/오늘의주요뉴스/오늘의 주요 뉴스(250415).hwp
2025-04-15,대학 [교육],2,"고등교육 패러다임 변화 속… “대학들, 성과관리 분석 넘어 개선으로”",한국대학신문,False,https://news.unn.net/news/articleView.html?idxno=577617,artifacts/hongbo_original_comparison/originals/오늘의주요뉴스/오늘의 주요 뉴스(250415).hwp
2025-04-15,대학 [교육],3,"""차에서 자도 된다""…집세 비싼 美 캘리포니아에서 '대학생 노숙방지법' 발의",TV조선,False,https://news.tvchosun.com/site/data/html_dir/2025/04/14/2025041490246.html,artifacts/hongbo_original_comparison/originals/오늘의주요뉴스/오늘의 주요 뉴스(250415).hwp
2025-04-17,동국대 [법인/건학위],1,"동국대 성정석 교수팀, 2025년도 환경기술개발사업 신규 수주",뉴시스,True,"https://www.newsis.com/view/NISX20250417_0003142684
https://www.pinpointnews.co.kr/news/articleView.html?idxno=337205",artifacts/hongbo_original_comparison/originals/오늘의주요뉴스/오늘의 주요 뉴스(250417).hwp
2025-04-17,동국대 [법인/건학위],2,"동국대 5개 연구팀, '2025 여대학원생 공학연구팀제 지원사업' 선정",뉴시스,True,"https://www.newsis.com/view/NISX20250416_0003142104
https://dhnews.co.kr/news/view/1065601719621233",artifacts/hongbo_original_comparison/originals/오늘의주요뉴스/오늘의 주요 뉴스(250417).hwp
2025-04-17,동국대 [법인/건학위],3,동국대 작가들이 그려낸 5인 5색 ‘부처님 세계’,현대불교신문,False,https://www.hyunbulnews.com/news/articleView.html?idxno=418665,artifacts/hongbo_original_comparison/originals/오늘의주요뉴스/오늘의 주요 뉴스(250417).hwp
2025-04-17,동국대 [법인/건학위],4,동국대 총동림동문회 “좋은 일은 혼자보다 여럿이”,BTN,False,https://www.btnnews.tv/news/articleView.html?idxno=85386,artifacts/hongbo_original_comparison/originals/오늘의주요뉴스/오늘의 주요 뉴스(250417).hwp
2025-04-17,동국대 [법인/건학위],5,"[동문소식 – 박신양(연극영화 86)] 우리는 왜 실레의 선 앞에 멈춰서는가…비틀린 자세, 진실된 시선",교수신문,False,http://www.kyosu.net/news/articleView.html?idxno=133235,artifacts/hongbo_original_comparison/originals/오늘의주요뉴스/오늘의 주요 뉴스(250417).hwp
2025-04-17,대학 [교육],1,내년 의대 모집인원 3058명 동결 가닥…교육부 오늘 발표,뉴스1,False,https://www.news1.kr/society/education/5755617,artifacts/hongbo_original_comparison/originals/오늘의주요뉴스/오늘의 주요 뉴스(250417).hwp
2025-04-17,대학 [교육],2,"트럼프 위협대로…미 국세청, 하버드 면세지위 박탈 추진",연합뉴스,False,https://www.yna.co.kr/view/AKR20250417025800009?input=1195m,artifacts/hongbo_original_comparison/originals/오늘의주요뉴스/오늘의 주요 뉴스(250417).hwp
2025-04-17,불교 [종단],1,대만불교에서 한국불교의 '전법 방향' 모색,불교신문,False,https://slv.ibulgyo.com/news/articleView.html?idxno=424924,artifacts/hongbo_original_comparison/originals/오늘의주요뉴스/오늘의 주요 뉴스(250417).hwp
2025-04-17,불교 [종단],2,미국 청소년들도 “고요한 산사서 평화 배웠어요”,법보신문,False,https://www.beopbo.com/news/articleView.html?idxno=328549,artifacts/hongbo_original_comparison/originals/오늘의주요뉴스/오늘의 주요 뉴스(250417).hwp
2025-04-21,동국대 [법인/건학위],1,"동국대, 개정증보판 ‘불교사전’ 4월 29일 봉정",법보신문,False,https://www.beopbo.com/news/articleView.html?idxno=328622,artifacts/hongbo_original_comparison/originals/오늘의주요뉴스/오늘의 주요 뉴스(250421).hwp
2025-04-21,동국대 [법인/건학위],2,"영천 선화여고, 법당 개원법회 및 개교 기념식 봉행",BTN,False,https://www.btnnews.tv/news/articleView.html?idxno=85435,artifacts/hongbo_original_comparison/originals/오늘의주요뉴스/오늘의 주요 뉴스(250421).hwp
2025-04-21,동국대 [법인/건학위],3,"[동문소식 – 최진식(무역 77)] ""획일적 노동시간 규제가 기업 생존 위협 … 세제 개편도 절박""",매일경제,False,https://www.mk.co.kr/news/business/11296413,artifacts/hongbo_original_comparison/originals/오늘의주요뉴스/오늘의 주요 뉴스(250421).hwp
2025-04-21,동국대 [법인/건학위],4,"[동문소식 – 임희조(서양화 07)] 임희조, 호리아트스페이스 '서툰행복' 개인전",뉴시스,False,https://www.newsis.com/view/NISX20250419_0003145601,artifacts/hongbo_original_comparison/originals/오늘의주요뉴스/오늘의 주요 뉴스(250421).hwp
2025-04-21,동국대 [법인/건학위],5,"장시원 PD 새 예능 ‘불꽃야구’, 동국대전 티켓 내일 오픈",스포츠월드,False,https://www.sportsworldi.com/newsView/20250421506191,artifacts/hongbo_original_comparison/originals/오늘의주요뉴스/오늘의 주요 뉴스(250421).hwp
2025-04-21,대학 [교육],1,"이주호 부총리 ""대학 변화, 정부 주도는 한계…지자체가 이끌어야""",MBN,False,https://www.mbn.co.kr/news/society/5107615,artifacts/hongbo_original_comparison/originals/오늘의주요뉴스/오늘의 주요 뉴스(250421).hwp
2025-04-21,대학 [교육],2,수능 출제위원이 사교육업체에 문항 판매…‘사교육 카르텔’ 100명 검찰 송치,문화일보,False,https://www.munhwa.com/article/11499760?ref=naver,artifacts/hongbo_original_comparison/originals/오늘의주요뉴스/오늘의 주요 뉴스(250421).hwp
2025-04-21,대학 [교육],3,'문송합니다' 이제 옛말?…'고3 문과생 급증' 대반전,한국경제,False,https://www.hankyung.com/article/2025042032271,artifacts/hongbo_original_comparison/originals/오늘의주요뉴스/오늘의 주요 뉴스(250421).hwp
2025-04-21,불교 [종단],1,"“듣고, 사유하고, 변화하라” 광용스님, 경청·섬김 실천한 ‘여성불자 길잡이’",문화일보,False,https://www.munhwa.com/article/11500274?ref=naver,artifacts/hongbo_original_comparison/originals/오늘의주요뉴스/오늘의 주요 뉴스(250421).hwp
2025-04-21,불교 [종단],2,"나는 절로 쌍계사편, 역대 최다 9커플 인연 맺으며 '회향'",불교신문,False,https://slv.ibulgyo.com/news/articleView.html?idxno=425055,artifacts/hongbo_original_comparison/originals/오늘의주요뉴스/오늘의 주요 뉴스(250421).hwp
2025-04-21,불교 [종단],3,"“사찰음식은 정성과 배려... 다른 비법 같은 건 없어요""",불교신문,False,https://slv.ibulgyo.com/news/articleView.html?idxno=425012,artifacts/hongbo_original_comparison/originals/오늘의주요뉴스/오늘의 주요 뉴스(250421).hwp
2025-04-22,동국대 [법인/건학위],1,"동국대 바이오메디캠퍼스(BMC), 김포대·농협대·서영대와 '경기도 RISE 공동추진 업무협약' 체결",뉴시스,True,"https://www.newsis.com/view/NISX20250421_0003146976
https://www.seoulfn.com/news/articleView.html?idxno=555103",artifacts/hongbo_original_comparison/originals/오늘의주요뉴스/오늘의 주요 뉴스(250422).hwp
2025-04-22,동국대 [법인/건학위],2,"동국대 경영대학, AACSB 국제경영교육 재인증 획득",대학저널,True,"https://dhnews.co.kr/news/view/1065587431806793
https://www.newsis.com/view/NISX20250421_0003147348",artifacts/hongbo_original_comparison/originals/오늘의주요뉴스/오늘의 주요 뉴스(250422).hwp
2025-04-22,동국대 [법인/건학위],3,"[동문소식 – 박근덕, 신윤영, 유지선, 홍기진(불교미술 99)] 박근덕 작가 등 4人 기획전 ‘피다, 또 꽃이 피다’",불교신문,False,https://www.ibulgyo.com/news/articleView.html?idxno=425100,artifacts/hongbo_original_comparison/originals/오늘의주요뉴스/오늘의 주요 뉴스(250422).hwp
2025-04-22,동국대 [법인/건학위],4,[현정환 교수 인터뷰]“티메프·발란 사태 재발 막으려면 전자 결제 대행 감독 강화해야”,조선비즈,False,https://economychosun.com/site/data/html_dir/2025/04/11/2025041100017.html,artifacts/hongbo_original_comparison/originals/오늘의주요뉴스/오늘의 주요 뉴스(250422).hwp
2025-04-22,대학 [교육],1,"교육부, 의대생 20여 명과 소통···의대 교육 정상화 논의",한국일보,False,https://www.hankookilbo.com/News/Read/A2025042110410001139?did=NA,artifacts/hongbo_original_comparison/originals/오늘의주요뉴스/오늘의 주요 뉴스(250422).hwp
2025-04-22,대학 [교육],2,"사탐 보고 공대行…""뒤늦게 물리 과외 받아요""",매일경제,False,https://www.mk.co.kr/news/society/11297540,artifacts/hongbo_original_comparison/originals/오늘의주요뉴스/오늘의 주요 뉴스(250422).hwp
2025-04-22,대학 [교육],3,"[칼럼] 외국인 유학생, 어떻게 볼 것인가",대전일보,False,https://www.daejonilbo.com/news/articleView.html?idxno=2197546,artifacts/hongbo_original_comparison/originals/오늘의주요뉴스/오늘의 주요 뉴스(250422).hwp
2025-04-22,불교 [종단],1,"독립기념관, '한국 독립운동과 불교' 특별기획전 개최",연합뉴스,False,https://www.yna.co.kr/view/AKR20250421037500063?input=1195m,artifacts/hongbo_original_comparison/originals/오늘의주요뉴스/오늘의 주요 뉴스(250422).hwp
2025-04-28,동국대 [법인/건학위],1,"더 젊어진 연등회, 대학 불교동아리 적극 참여",BBS,False,https://news.bbsi.co.kr/news/articleView.html?idxno=4027695,artifacts/hongbo_original_comparison/originals/오늘의주요뉴스/오늘의 주요 뉴스(250428).hwp
2025-04-28,동국대 [법인/건학위],2,[포토] 2025 연등회 참가한 동국대 불교동아리들,아시아투데이,False,https://www.asiatoday.co.kr/kn/view.php?key=20250426010015722,artifacts/hongbo_original_comparison/originals/오늘의주요뉴스/오늘의 주요 뉴스(250428).hwp
2025-04-28,동국대 [법인/건학위],3,"동국대 영상대학원, 'OTT콘텐츠특성화대학원 지원사업' 선정",뉴시스,False,https://www.newsis.com/view/NISX20250425_0003154077,artifacts/hongbo_original_comparison/originals/오늘의주요뉴스/오늘의 주요 뉴스(250428).hwp
2025-04-28,동국대 [법인/건학위],4,"[동문소식 – 정병국(철학 70), 이승기(국제통상 05)]정병국·이승기·임시현·김윤봉, 조계종 불자대상 선정",불교신문,False,https://www.ibulgyo.com/news/articleView.html?idxno=425236,artifacts/hongbo_original_comparison/originals/오늘의주요뉴스/오늘의 주요 뉴스(250428).hwp
2025-04-28,동국대 [법인/건학위],5,장정화 전 대한불교청년회장 동국대 특임교수 임용,대구일보,False,https://www.idaegu.com/news/articleView.html?idxno=635776,artifacts/hongbo_original_comparison/originals/오늘의주요뉴스/오늘의 주요 뉴스(250428).hwp
2025-04-28,대학 [교육],1,"교육부, 의대생 ‘수업 참여 의향’ 묻는 설문조사 착수",이데일리,False,https://www.edaily.co.kr/News/Read?newsId=01961446642140056&mediaCodeNo=257&OutLnkChk=Y,artifacts/hongbo_original_comparison/originals/오늘의주요뉴스/오늘의 주요 뉴스(250428).hwp
2025-04-28,대학 [교육],2,늘어나는 대학가 '1000원 복지'… 아침 이어 저녁·매점까지 등장,조선일보,False,https://www.chosun.com/national/education/2025/04/26/O7JU7GFUI5GWFMZVDQ3NPIVPTE/?utm_source=naver&utm_medium=referral&utm_campaign=naver-news,artifacts/hongbo_original_comparison/originals/오늘의주요뉴스/오늘의 주요 뉴스(250428).hwp
2025-04-28,불교 [종단],1,어린이가 이끈 10만 연등행렬…전 세계에 전한 희망의 메시지,법보신문,False,https://www.beopbo.com/news/articleView.html?idxno=328757,artifacts/hongbo_original_comparison/originals/오늘의주요뉴스/오늘의 주요 뉴스(250428).hwp
2025-04-28,불교 [종단],2,외국인도 감탄한 연등행렬 “세계 주요 축제 반열 가치 충분”,현대불교신문,False,https://www.hyunbulnews.com/news/articleView.html?idxno=418873,artifacts/hongbo_original_comparison/originals/오늘의주요뉴스/오늘의 주요 뉴스(250428).hwp
2025-04-29,동국대 [법인/건학위],1,"학교법인 동국대, 산불 피해 복구 위한 발원법회 봉행",BBS,True,"https://news.bbsi.co.kr/news/articleView.html?idxno=4027954
https://www.beopbo.com/news/articleView.html?idxno=328788
https://www.ibulgyo.com/news/articleView.html?idxno=425586
https://www.hyunbulnews.com/news/articleView.html?idxno=418935",artifacts/hongbo_original_comparison/originals/오늘의주요뉴스/오늘의 주요 뉴스(250429).hwp
2025-04-29,동국대 [법인/건학위],2,"[동문소식 – 이인정(상학 65)] 이인정 亞산악연맹회장, 소강체육대상 대상…산악 발전 공헌",연합뉴스,False,https://www.yna.co.kr/view/AKR20250428113100007?input=1195m,artifacts/hongbo_original_comparison/originals/오늘의주요뉴스/오늘의 주요 뉴스(250429).hwp
2025-04-29,동국대 [법인/건학위],3,"동국대, 고온 견디는 마찰대전 나노발전기 개발",뉴시스,True,"https://www.newsis.com/view/NISX20250428_0003156595
https://dhnews.co.kr/news/view/1065579661201245",artifacts/hongbo_original_comparison/originals/오늘의주요뉴스/오늘의 주요 뉴스(250429).hwp
2025-04-29,대학 [교육],1,"교육부, '교원 해외파견 사업' 참가 대학 모집",뉴시스,False,https://www.nocutnews.co.kr/news/6331409?utm_source=naver&utm_medium=article&utm_campaign=20250428013851,artifacts/hongbo_original_comparison/originals/오늘의주요뉴스/오늘의 주요 뉴스(250429).hwp
2025-04-29,대학 [교육],2,"교육부, 의대 편입학 완화 검토…""빈자리 100% 충원 가능""",중앙일보,False,https://www.joongang.co.kr/article/25332113,artifacts/hongbo_original_comparison/originals/오늘의주요뉴스/오늘의 주요 뉴스(250429).hwp
2025-04-29,불교 [종단],1,먹으로 윤곽선 그린 유일한 고려불화… 700년 만에 돌아왔다,조선일보,False,https://www.chosun.com/culture-life/culture_general/2025/04/29/RQ4B2R27PZC2FG6F35JLWTJSEM/?utm_source=naver&utm_medium=referral&utm_campaign=naver-news,artifacts/hongbo_original_comparison/originals/오늘의주요뉴스/오늘의 주요 뉴스(250429).hwp
2025-04-29,불교 [종단],2,"“불교, 이제 인생네컷에서 함께해요!”…30개국서 불교 포토 프레임 출시",불교신문,False,https://slv.ibulgyo.com/news/articleView.html?idxno=425583,artifacts/hongbo_original_comparison/originals/오늘의주요뉴스/오늘의 주요 뉴스(250429).hwp
2025-05-01,동국대 [법인/건학위],1,"동국대, 산불 피해 복구 성금 1억 쾌척",법보신문,True,"https://www.beopbo.com/news/articleView.html?idxno=328838
https://news.bbsi.co.kr/news/articleView.html?idxno=4028246",artifacts/hongbo_original_comparison/originals/오늘의주요뉴스/오늘의 주요 뉴스(250501).hwp
2025-05-01,동국대 [법인/건학위],2,"성운대종사, 은평구 출신 동국대생에 4200만원 쾌척",BBS,True,"https://news.bbsi.co.kr/news/articleView.html?idxno=4028103
http://hyunbulnews.com/news/articleView.html?idxno=418982",artifacts/hongbo_original_comparison/originals/오늘의주요뉴스/오늘의 주요 뉴스(250501).hwp
2025-05-01,동국대 [법인/건학위],3,동국대 학생 증원 서울지역 1위 ‘첨단분야 인재 양성 박차’,BTN,True,"https://www.btnnews.tv/news/articleView.html?idxno=85687
https://www.bulgyo-in.com/news/articleView.html?idxno=1045",artifacts/hongbo_original_comparison/originals/오늘의주요뉴스/오늘의 주요 뉴스(250501).hwp
2025-05-01,동국대 [법인/건학위],4,"“현대언어로 불교용어 정의” 동국대, 새 ‘불교사전’ 봉정",법보신문,True,"https://www.beopbo.com/news/articleView.html?idxno=328816
https://www.btnnews.tv/news/articleView.html?idxno=85659",artifacts/hongbo_original_comparison/originals/오늘의주요뉴스/오늘의 주요 뉴스(250501).hwp
2025-05-12,동국대 [법인/건학위],1,"동국대 이사장 돈관스님, 육군훈련소 장병 2,200여 명 수계",BBS,False,https://news.bbsi.co.kr/news/articleView.html?idxno=4029360,artifacts/hongbo_original_comparison/originals/오늘의주요뉴스/오늘의 주요 뉴스(250512).hwp
2025-05-12,동국대 [법인/건학위],2,“동국의 감동을 전하는 우리는 ‘동감’입니다”,불교신문,False,https://www.ibulgyo.com/news/articleView.html?idxno=425657,artifacts/hongbo_original_comparison/originals/오늘의주요뉴스/오늘의 주요 뉴스(250512).hwp
2025-05-12,동국대 [법인/건학위],3,[동문소식 – 김명진(스포츠문화 23)] “하나라도 더 배워가려고 합니다” 이상백배 선발된 동국대 김명진,루키,False,https://www.rookie.co.kr/news/articleView.html?idxno=110052,artifacts/hongbo_original_comparison/originals/오늘의주요뉴스/오늘의 주요 뉴스(250512).hwp
2025-05-12,동국대 [법인/건학위],4,"동국대 종학硏 ‘동국 불교, 전통서 배우다’ 춘계대회",현대불교신문,False,https://www.hyunbulnews.com/news/articleView.html?idxno=419123,artifacts/hongbo_original_comparison/originals/오늘의주요뉴스/오늘의 주요 뉴스(250512).hwp
2025-05-12,동국대 [법인/건학위],5,"동국대 행정대학원 총동문회, 탈북민 지원 물품 전달",현대불교신문,False,https://www.hyunbulnews.com/news/articleView.html?idxno=419126,artifacts/hongbo_original_comparison/originals/오늘의주요뉴스/오늘의 주요 뉴스(250512).hwp
2025-05-12,대학 [교육],1,[사설] 고등교육 대전환의 조건 ‘재정 없이 혁신 없다’,한국대학신문,False,https://news.unn.net/news/articleView.html?idxno=578639,artifacts/hongbo_original_comparison/originals/오늘의주요뉴스/오늘의 주요 뉴스(250512).hwp
2025-05-12,대학 [교육],2,"APEC 교육장관회의, 13일부터 제주서 개막",한국대학신문,False,https://news.unn.net/news/articleView.html?idxno=578584,artifacts/hongbo_original_comparison/originals/오늘의주요뉴스/오늘의 주요 뉴스(250512).hwp
2025-05-12,불교 [종단],1,사찰에서 텐트 치고 하룻밤...낭만 ‘절패킹’ 아세요?,불교신문,False,https://slv.ibulgyo.com/news/articleView.html?idxno=425672,artifacts/hongbo_original_comparison/originals/오늘의주요뉴스/오늘의 주요 뉴스(250512).hwp
2025-05-12,불교 [종단],2,"팔만대장경, 미국 인쇄역사연표에 공식 등재",법보신문,False,https://www.beopbo.com/news/articleView.html?idxno=329012,artifacts/hongbo_original_comparison/originals/오늘의주요뉴스/오늘의 주요 뉴스(250512).hwp
2025-05-12,불교 [종단],3,"절밥명장 계호스님 ""어제 먹은 밥이 오늘의 나…잘 먹어야 행복""",연합뉴스,False,https://www.yna.co.kr/view/AKR20250510050900005?input=1195m,artifacts/hongbo_original_comparison/originals/오늘의주요뉴스/오늘의 주요 뉴스(250512).hwp
2025-05-13,동국대 [법인/건학위],1,"동국대 여자총동창회, 모교에 장학기금 1천만원 기부",뉴시스,True,"https://www.newsis.com/view/NISX20250512_0003172507
https://www.veritas-a.com/news/articleView.html?idxno=553157",artifacts/hongbo_original_comparison/originals/오늘의주요뉴스/오늘의 주요 뉴스(250513).hwp
2025-05-13,동국대 [법인/건학위],2,"동국대 강준원 연구팀, 친환경 프로바이오틱스 나노코팅 기술 개발",대학저널,True,"https://dhnews.co.kr/news/view/1065572613239994
https://www.newsis.com/view/NISX20250512_0003171796",artifacts/hongbo_original_comparison/originals/오늘의주요뉴스/오늘의 주요 뉴스(250513).hwp
2025-05-13,동국대 [법인/건학위],3,"동국대 불교학술원,‘법장대종사’ 보살행 조명할 학술 토론의 장",불교신문,False,https://www.ibulgyo.com/news/articleView.html?idxno=425943,artifacts/hongbo_original_comparison/originals/오늘의주요뉴스/오늘의 주요 뉴스(250513).hwp
2025-05-13,동국대 [법인/건학위],4,"[김지희 교수(컴퓨터·AI학부) 출연] ‘지브리’에 빠진 당신, AI의 진짜 모습은? [지식의 맛-인문학 레시피 1회]",BBS,False,https://www.youtube.com/watch?v=diAZ4TYeGNI,artifacts/hongbo_original_comparison/originals/오늘의주요뉴스/오늘의 주요 뉴스(250513).hwp
2025-05-13,동국대 [법인/건학위],5,"[김지희 교수(컴퓨터·AI학부) 출연] AI시대,인간은 대체될 것인가? [지식의 맛-인문학 레시피 2회]",BBS,False,https://www.youtube.com/watch?v=g5nzcWA_vCY,artifacts/hongbo_original_comparison/originals/오늘의주요뉴스/오늘의 주요 뉴스(250513).hwp
2025-05-13,대학 [교육],1,교육부 “내년 의대 1학년 최대 6100명···예과 교육 문제없을 것”,중앙일보,False,https://www.joongang.co.kr/article/25335279,artifacts/hongbo_original_comparison/originals/오늘의주요뉴스/오늘의 주요 뉴스(250513).hwp
2025-05-13,대학 [교육],2,‘미국 대입시험 ACT’ 한국서 사전 유출 의혹…경찰 수사,매일경제,False,https://www.mk.co.kr/news/society/11315003,artifacts/hongbo_original_comparison/originals/오늘의주요뉴스/오늘의 주요 뉴스(250513).hwp
2025-05-13,불교 [종단],1,"뮤지컬 ‘싯다르타’, 유엔 주최 베삭데이서 세계인 감동",현대불교신문,False,https://www.hyunbulnews.com/news/articleView.html?idxno=419151,artifacts/hongbo_original_comparison/originals/오늘의주요뉴스/오늘의 주요 뉴스(250513).hwp
2025-05-13,불교 [종단],2,"70년 맞은 중앙신도회, 한국불교 100년 위해 도약",불교IN,False,https://www.bulgyo-in.com/news/articleView.html?idxno=1073,artifacts/hongbo_original_comparison/originals/오늘의주요뉴스/오늘의 주요 뉴스(250513).hwp
2025-05-14,동국대 [법인/건학위],1,[지역미래불자육성장학] ‘사찰 학생 인연 짓는’ 동국대 대표 장학제도,BTN,False,https://www.btnnews.tv/news/articleView.html?idxno=85842,artifacts/hongbo_original_comparison/originals/오늘의주요뉴스/오늘의 주요 뉴스(250514).hwp
2025-05-14,동국대 [법인/건학위],2,동국대-남양주시 MOU 체결,베리타스알파,True,"https://www.veritas-a.com/news/articleView.html?idxno=553466
https://www.enewstoday.co.kr/news/articleView.html?idxno=2276536",artifacts/hongbo_original_comparison/originals/오늘의주요뉴스/오늘의 주요 뉴스(250514).hwp
2025-05-14,동국대 [법인/건학위],3,"군포 정각사 정엄스님, 동국대에 3천 1백만 원 전달하며 인재 불사 이어가",BBS,False,https://news.bbsi.co.kr/news/articleView.html?idxno=4029733,artifacts/hongbo_original_comparison/originals/오늘의주요뉴스/오늘의 주요 뉴스(250514).hwp
2025-05-14,동국대 [법인/건학위],4,[한국문학연구소] <석전속시초> 최초 발굴 “80년 만에 다시 깨어나”,BTN,False,https://www.btnnews.tv/news/articleView.html?idxno=85840,artifacts/hongbo_original_comparison/originals/오늘의주요뉴스/오늘의 주요 뉴스(250514).hwp
2025-05-14,동국대 [법인/건학위],5,[현정환 교수 칼럼] 스테이블코인 바람직한 제도화를 위해,매일경제,False,https://www.mk.co.kr/news/contributors/11314811,artifacts/hongbo_original_comparison/originals/오늘의주요뉴스/오늘의 주요 뉴스(250514).hwp
2025-05-14,대학 [교육],1,"""이공계 상위 1000명에 특별 교육…AI혁신硏 세워 파격 대우를""",서울경제,False,https://www.sedaily.com/NewsView/2GSS6WUWV6,artifacts/hongbo_original_comparison/originals/오늘의주요뉴스/오늘의 주요 뉴스(250514).hwp
2025-05-14,대학 [교육],2,"""인건비 부족""…대학 성희롱·성폭력 전담인력 학교당 0.38명",뉴시스,False,https://www.newsis.com/view/NISX20250513_0003174224,artifacts/hongbo_original_comparison/originals/오늘의주요뉴스/오늘의 주요 뉴스(250514).hwp
2025-05-14,불교 [종단],1,‘봉은사 생전예수재’ 국가무형유산 지정 예고,법보신문,False,https://www.beopbo.com/news/articleView.html?idxno=329054,artifacts/hongbo_original_comparison/originals/오늘의주요뉴스/오늘의 주요 뉴스(250514).hwp
2025-05-14,불교 [종단],2,불교미술 ‘깨달음’과 ‘아름다움’ 둘 다 담아내다,불교신문,False,https://slv.ibulgyo.com/news/articleView.html?idxno=426006,artifacts/hongbo_original_comparison/originals/오늘의주요뉴스/오늘의 주요 뉴스(250514).hwp
2025-05-15,동국대 [법인/건학위],1,"동국대 이사회, 조계종 총무부장 성화 스님 신임 이사 선임",법보신문,True,"https://www.beopbo.com/news/articleView.html?idxno=329088
https://news.bbsi.co.kr/news/articleView.html?idxno=4030066
https://www.ibulgyo.com/news/articleView.html?idxno=426088",artifacts/hongbo_original_comparison/originals/오늘의주요뉴스/오늘의 주요 뉴스(250515).hwp
2025-05-15,동국대 [법인/건학위],2,"동국대, 신경림 시인 유고시집 출간 및 추모 1주기 문학제 개최",뉴시스,False,https://www.newsis.com/view/NISX20250514_0003175782,artifacts/hongbo_original_comparison/originals/오늘의주요뉴스/오늘의 주요 뉴스(250515).hwp
2025-05-15,동국대 [법인/건학위],3,"[동문소식 – 박주형(회계 78)] 미래세대가 닮고 싶은 CEO, 박주형 신세계 대표",파이낸셜투데이,False,https://www.ftoday.co.kr/news/articleView.html?idxno=341598,artifacts/hongbo_original_comparison/originals/오늘의주요뉴스/오늘의 주요 뉴스(250515).hwp
2025-05-15,동국대 [법인/건학위],4,[동문소식 - 탁영준(정치외교 97)] 탁영준 에스엠 공동대표이사,비즈니스포스트,False,https://www.businesspost.co.kr/BP?command=article_view&num=395147,artifacts/hongbo_original_comparison/originals/오늘의주요뉴스/오늘의 주요 뉴스(250515).hwp
2025-05-15,대학 [교육],1,시험 족보처럼 팔리는 '교수님 강의 목소리'... 수업 녹음본 불법 판매,조선일보,False,https://www.chosun.com/national/education/2025/05/15/KXEGRV2C4JAUJGSDG3WU2HXHMM/?utm_source=naver&utm_medium=referral&utm_campaign=naver-news,artifacts/hongbo_original_comparison/originals/오늘의주요뉴스/오늘의 주요 뉴스(250515).hwp
2025-05-15,불교 [종단],1,"한국불교학회, 불교학 활기 불어넣을 ‘학술상’ 제정",불교IN,False,https://www.bulgyo-in.com/news/articleView.html?idxno=1082,artifacts/hongbo_original_comparison/originals/오늘의주요뉴스/오늘의 주요 뉴스(250515).hwp
2025-05-16,동국대 [법인/건학위],1,청년과 불교 잇는 ‘미래불자’ 장학 100회 맞아,불교신문,True,"https://www.ibulgyo.com/news/articleView.html?idxno=426156
https://www.beopbo.com/news/articleView.html?idxno=329111
https://news.bbsi.co.kr/news/articleView.html?idxno=4030309
https://www.btnnews.tv/news/articleView.html?idxno=85867
https://www.hyunbulnews.com/news/articleView.html?idxno=419213
https://www.bulgyo-in.com/news/articleView.html?idxno=1087",artifacts/hongbo_original_comparison/originals/오늘의주요뉴스/오늘의 주요 뉴스(250516).hwp
2025-05-16,동국대 [법인/건학위],2,"동국대 김성준 연구팀, 3D 수직 적층형 다기능 메모리 소자 개발",베리타스알파,False,https://www.veritas-a.com/news/articleView.html?idxno=553866,artifacts/hongbo_original_comparison/originals/오늘의주요뉴스/오늘의 주요 뉴스(250516).hwp
2025-05-16,동국대 [법인/건학위],3,[동문소식 – 김명진(스포츠문화 23)] ‘첫 태극마크’ 대표팀 뒷선 책임질 김명진 “농구인생에 있어 큰 경험될 거라 생각해”,,False,https://jumpball.co.kr/news/newsview.php?ncode=1065571981631871&_ref=naver,artifacts/hongbo_original_comparison/originals/오늘의주요뉴스/오늘의 주요 뉴스(250516).hwp
2025-05-16,대학 [교육],1,"""AI로 맞춤형 교육 열어야""…APEC 교육 수장들, 디지털 전환 해법 제시",뉴스핌,False,https://www.newspim.com/news/view/20250515000985,artifacts/hongbo_original_comparison/originals/오늘의주요뉴스/오늘의 주요 뉴스(250516).hwp
2025-05-16,불교 [종단],1,사불 수행 ‘영천 은해사 괘불탱’ 부처님,불교신문,False,https://www.ibulgyo.com/news/articleView.html?idxno=426165,artifacts/hongbo_original_comparison/originals/오늘의주요뉴스/오늘의 주요 뉴스(250516).hwp
2025-05-19,동국대 [법인/건학위],1,"부산동창회 원로회, 동국대에 발전기금 2332만원 쾌척",뉴시스,True,"https://www.newsis.com/view/NISX20250516_0003179049
https://www.m-i.kr/news/articleView.html?idxno=1240015",artifacts/hongbo_original_comparison/originals/오늘의주요뉴스/오늘의 주요 뉴스(250519).hwp
2025-05-19,동국대 [법인/건학위],2,[종학연구소] “선(禪)은 삶의 예술” 만해 한용운 스님 선사상 재조명,법보신문,False,https://www.beopbo.com/news/articleView.html?idxno=329161,artifacts/hongbo_original_comparison/originals/오늘의주요뉴스/오늘의 주요 뉴스(250519).hwp
2025-05-19,동국대 [법인/건학위],3,"[동문소식 – 김성재(정치 58)] 4.19혁명 공로자회, 김성재 명예회장 ‘자랑스러운 4.19인 대상’",논객닷컴,False,https://www.nongaek.com/news/articleView.html?idxno=91421,artifacts/hongbo_original_comparison/originals/오늘의주요뉴스/오늘의 주요 뉴스(250519).hwp
2025-05-19,동국대 [법인/건학위],4,[동문소식 – 윤강은(문예창작 20)] 제48회 '오늘의 작가상'에 윤강은 작가 '저편에서 이리가',이데일리,False,https://www.edaily.co.kr/News/Read?newsId=01699046642170560&mediaCodeNo=257&OutLnkChk=Y,artifacts/hongbo_original_comparison/originals/오늘의주요뉴스/오늘의 주요 뉴스(250519).hwp
2025-05-19,동국대 [법인/건학위],5,[동문소식 – 이인정(상학 65)] 마나슬루 초등 45주년…'산악인 이인정과 마나슬루 1980' 출간,연합뉴스,False,https://www.yna.co.kr/view/AKR20250516127400007?input=1195m,artifacts/hongbo_original_comparison/originals/오늘의주요뉴스/오늘의 주요 뉴스(250519).hwp
2025-05-19,대학 [교육],1,"""1등급 받아도 인서울 못해"" 자퇴 사태 부르는 '내신 5등급제'",중앙일보,False,https://www.joongang.co.kr/article/25336972,artifacts/hongbo_original_comparison/originals/오늘의주요뉴스/오늘의 주요 뉴스(250519).hwp
2025-05-19,대학 [교육],2,‘두뇌 유출’ 현실화...과학자들이 미국을 떠나는 이유,교수신문,False,https://www.kyosu.net/news/articleView.html?idxno=135028,artifacts/hongbo_original_comparison/originals/오늘의주요뉴스/오늘의 주요 뉴스(250519).hwp
2025-05-19,불교 [종단],1,“선명상은 교육의 본질을 회복하는 대안”,불교신문,False,https://www.ibulgyo.com/news/articleView.html?idxno=426201,artifacts/hongbo_original_comparison/originals/오늘의주요뉴스/오늘의 주요 뉴스(250519).hwp
2025-05-22,동국대 [법인/건학위],1,"40년간 교내 인쇄물 제작 업체, 동국대에 천만 원 기부",BBS,False,https://news.bbsi.co.kr/news/articleView.html?idxno=4031160,artifacts/hongbo_original_comparison/originals/오늘의주요뉴스/오늘의 주요 뉴스(250522).hwp
2025-05-22,동국대 [법인/건학위],2,"동국대, 고효율 정보시스템 구축 완료",디지털데일리,False,https://www.ddaily.co.kr/page/view/2025052010510656540,artifacts/hongbo_original_comparison/originals/오늘의주요뉴스/오늘의 주요 뉴스(250522).hwp
2025-05-22,동국대 [법인/건학위],3,"동국대, 현진 스님 초청법회…불교청년지도자장학생 등 대상",현대불교신문,False,https://www.hyunbulnews.com/news/articleView.html?idxno=419311,artifacts/hongbo_original_comparison/originals/오늘의주요뉴스/오늘의 주요 뉴스(250522).hwp
2025-05-22,동국대 [법인/건학위],4,[불교학술원] “불교발전 토대‥석전·만해의 수행과 교육철학”,BTN,False,https://www.btnnews.tv/news/articleView.html?idxno=85941,artifacts/hongbo_original_comparison/originals/오늘의주요뉴스/오늘의 주요 뉴스(250522).hwp
2025-05-22,대학 [교육],1,"""5년간 최대 1000억""…대학들 연합까지 만들어 '이것' 올인",중앙일보,False,https://www.joongang.co.kr/article/25337858,artifacts/hongbo_original_comparison/originals/오늘의주요뉴스/오늘의 주요 뉴스(250522).hwp
2025-05-22,대학 [교육],2,'N수 효과' 절반만 이뤘다…10명 중 1명은 오히려 망해,뉴시스,False,https://www.newsis.com/view/NISX20250521_0003183826,artifacts/hongbo_original_comparison/originals/오늘의주요뉴스/오늘의 주요 뉴스(250522).hwp
2025-05-22,불교 [종단],1,"조계종 종립학교 학생들, 산불 피해복구 기금행렬 동참",불교신문,False,https://www.ibulgyo.com/news/articleView.html?idxno=426361,artifacts/hongbo_original_comparison/originals/오늘의주요뉴스/오늘의 주요 뉴스(250522).hwp
2025-05-23,동국대 [법인/건학위],1,"동국대, 동국문학 저력 입증…올해 상반기 주요 문학상 석권",대학저널,True,"https://dhnews.co.kr/news/view/1065587702668743
https://biz.newdaily.co.kr/site/data/html/2025/05/22/2025052200481.html
https://www.newsis.com/view/NISX20250522_0003186351",artifacts/hongbo_original_comparison/originals/오늘의주요뉴스/오늘의 주요 뉴스(250523).hwp
2025-05-23,동국대 [법인/건학위],2,"동국대 명예교수 오원배 작가, '제10회 박수근미술상' 수상",베리타스알파,False,https://www.veritas-a.com/news/articleView.html?idxno=555028,artifacts/hongbo_original_comparison/originals/오늘의주요뉴스/오늘의 주요 뉴스(250523).hwp
2025-05-23,동국대 [법인/건학위],3,나눔 경영 실천한 동국대학원 부디스트비즈니스학과...산불피해 지원금 기부,BBS,False,https://news.bbsi.co.kr/news/articleView.html?idxno=4031269,artifacts/hongbo_original_comparison/originals/오늘의주요뉴스/오늘의 주요 뉴스(250523).hwp
2025-05-23,동국대 [법인/건학위],4,"[김호성 교수 인터뷰] “불자는 믿는 사람 넘어, 전하는 사람입니다”",법보신문,False,https://www.beopbo.com/news/articleView.html?idxno=329247,artifacts/hongbo_original_comparison/originals/오늘의주요뉴스/오늘의 주요 뉴스(250523).hwp
2025-05-23,대학 [교육],1,"대학협의체들, 한목소리로 ""고특회계 연장해야""…정책 건의",연합뉴스,False,https://www.yna.co.kr/view/AKR20250522079151530?input=1195m,artifacts/hongbo_original_comparison/originals/오늘의주요뉴스/오늘의 주요 뉴스(250523).hwp
2025-05-23,대학 [교육],2,"美국토안보장관 ""하버드 외 다른 대학도 외국인 학생 등록금지 검토""",연합뉴스,False,https://www.yna.co.kr/view/AKR20250523006551075?input=1195m,artifacts/hongbo_original_comparison/originals/오늘의주요뉴스/오늘의 주요 뉴스(250523).hwp
2025-05-23,불교 [종단],1,르 꼬르동 블루 런던서 한국 ‘사찰음식’ 강의,불교IN,False,https://www.bulgyo-in.com/news/articleView.html?idxno=1117,artifacts/hongbo_original_comparison/originals/오늘의주요뉴스/오늘의 주요 뉴스(250523).hwp
2025-05-26,동국대 [법인/건학위],1,"동국대, 주택도시보증공사 주택도시금융연구원과 MOU",뉴시스,False,https://www.newsis.com/view/NISX20250523_0003187775,artifacts/hongbo_original_comparison/originals/오늘의주요뉴스/오늘의 주요 뉴스(250526).hwp
2025-05-26,동국대 [법인/건학위],2,[불교학술원]‘주어도 줄지 않는 바랑’ 인곡당 법장스님 열반 20주년 학술대회,아시아투데이,False,https://www.asiatoday.co.kr/kn/view.php?key=20250523010011974,artifacts/hongbo_original_comparison/originals/오늘의주요뉴스/오늘의 주요 뉴스(250526).hwp
2025-05-26,동국대 [법인/건학위],3,[미당연구소] 미당 서정주의 시 세계 시각적으로 구성,새전북신문,False,http://www.sjbnews.com/news/news.php?code=li_news&number=850763,artifacts/hongbo_original_comparison/originals/오늘의주요뉴스/오늘의 주요 뉴스(250526).hwp
2025-05-26,동국대 [법인/건학위],4,"2연승 동국대 이호근 감독, ""상대 프레스 대비 통했다""",루키,False,https://www.rookie.co.kr/news/articleView.html?idxno=110358,artifacts/hongbo_original_comparison/originals/오늘의주요뉴스/오늘의 주요 뉴스(250526).hwp
2025-05-26,동국대 [법인/건학위],5,[최상미 교수 출연] [지식의 맛-인문학 레시피 3회] “살고 싶었어요” 벼랑 끝에서 붙잡은 희망의 끈!,BBS,False,https://www.youtube.com/watch?v=CAty0R7JwG0,artifacts/hongbo_original_comparison/originals/오늘의주요뉴스/오늘의 주요 뉴스(250526).hwp
2025-05-26,대학 [교육],1,10명 중 7명 '사탐런'…수능 중대변수로,서울경제,False,https://www.sedaily.com/NewsView/2GSWS44A0R,artifacts/hongbo_original_comparison/originals/오늘의주요뉴스/오늘의 주요 뉴스(250526).hwp
2025-05-26,대학 [교육],2,'하버드 외국학생 차단' 美법원서 신속 제동,매일경제,False,https://www.mk.co.kr/news/world/11325952,artifacts/hongbo_original_comparison/originals/오늘의주요뉴스/오늘의 주요 뉴스(250526).hwp
2025-05-27,동국대 [법인/건학위],1,"동국대 박정훈 교수, 한국막학회논문상 수상",뉴시스,False,https://www.newsis.com/view/NISX20250526_0003190153,artifacts/hongbo_original_comparison/originals/오늘의주요뉴스/오늘의 주요 뉴스(250527).hwp
2025-05-27,동국대 [법인/건학위],2,"‘간장 공장 공장장은…’ 동국대 한국어교육원 학생들, 퀴즈 풀고 아이스크림 먹고",한국대학신문,False,https://news.unn.net/news/articleView.html?idxno=579287,artifacts/hongbo_original_comparison/originals/오늘의주요뉴스/오늘의 주요 뉴스(250527).hwp
2025-05-27,동국대 [법인/건학위],3,"동국대 미래융합교육원, ‘행복한 시니어 뇌 순환 교육 지도자’ 과정 개설",대학저널,False,https://dhnews.co.kr/news/view/1065600865794017,artifacts/hongbo_original_comparison/originals/오늘의주요뉴스/오늘의 주요 뉴스(250527).hwp
2025-05-27,동국대 [법인/건학위],4,"[동문소식 – 한재혁(스포츠문화 23)] '16득점 야투율 63%' 동국대 한재혁, ""슛은 자신감이 가장 중요""",루키,False,https://www.rookie.co.kr/news/articleView.html?idxno=110360,artifacts/hongbo_original_comparison/originals/오늘의주요뉴스/오늘의 주요 뉴스(250527).hwp
2025-05-27,동국대 [법인/건학위],5,[문현공 교수 칼럼] 고통받는 청년에게 마음 평안을 선물하려면?,불교신문,False,https://slv.ibulgyo.com/news/articleView.html?idxno=426462,artifacts/hongbo_original_comparison/originals/오늘의주요뉴스/오늘의 주요 뉴스(250527).hwp
2025-05-27,대학 [교육],1,대선 앞두고 재정 확충 요구하는 대학가…지원 방식은 '온도 차',뉴스1,False,https://www.news1.kr/society/education/5794919,artifacts/hongbo_original_comparison/originals/오늘의주요뉴스/오늘의 주요 뉴스(250527).hwp
2025-05-27,대학 [교육],2,국가장학금 인상… 최대 40만 원 지원 확대,매일신문,False,https://www.imaeil.com/page/view/2025052614362568825,artifacts/hongbo_original_comparison/originals/오늘의주요뉴스/오늘의 주요 뉴스(250527).hwp
2025-05-27,불교 [종단],1,"의겸 스님의 국보 불화, 서울 첫 공개…송광사 ‘영산회상도’ ‘팔상도’ 전시",법보신문,False,https://www.beopbo.com/news/articleView.html?idxno=329309,artifacts/hongbo_original_comparison/originals/오늘의주요뉴스/오늘의 주요 뉴스(250527).hwp
2025-05-28,동국대 [법인/건학위],1,"법산스님, 동국대 정각원 부처님 전에 시집 봉정...“13년 정각원장 뼛속까지 동국인”",BBS,True,"https://news.bbsi.co.kr/news/articleView.html?idxno=4031938
https://www.btnnews.tv/news/articleView.html?idxno=86017
https://www.ibulgyo.com/news/articleView.html?idxno=426575
https://www.beopbo.com/news/articleView.html?idxno=329323
https://www.hyunbulnews.com/news/articleView.html?idxno=419414",artifacts/hongbo_original_comparison/originals/오늘의주요뉴스/오늘의 주요 뉴스(250528).hwp
2025-05-28,동국대 [법인/건학위],2,"동국대 김교범 교수, 'TCI고분자학술진보상' 수상",뉴시스,False,https://www.newsis.com/view/NISX20250527_0003191604,artifacts/hongbo_original_comparison/originals/오늘의주요뉴스/오늘의 주요 뉴스(250528).hwp
2025-05-28,동국대 [법인/건학위],3,동대부속금산중(전북현대U-15) 전국소년체전 우승,뉴스1,False,https://www.news1.kr/local/jeonbuk/5796160,artifacts/hongbo_original_comparison/originals/오늘의주요뉴스/오늘의 주요 뉴스(250528).hwp
2025-05-28,대학 [교육],1,"6월 모의평가 지원자 역대 최다…""출생아 증가·입시제도 개편 영향""",매일신문,False,https://www.imaeil.com/page/view/2025052715315249207,artifacts/hongbo_original_comparison/originals/오늘의주요뉴스/오늘의 주요 뉴스(250528).hwp
2025-05-28,대학 [교육],2,"""美, 유학생 SNS 심사 의무화 추진…유학비자 인터뷰 일시 중단""(종합)",연합뉴스,False,https://www.yna.co.kr/view/AKR20250528004151071?input=1195m,artifacts/hongbo_original_comparison/originals/오늘의주요뉴스/오늘의 주요 뉴스(250528).hwp
2025-05-28,불교 [종단],1,각광받는 치유산업...숲·선명상 등 불교계 프로그램 기대감,BBS,False,https://news.bbsi.co.kr/news/articleView.html?idxno=4031918,artifacts/hongbo_original_comparison/originals/오늘의주요뉴스/오늘의 주요 뉴스(250528).hwp
2025-05-29,동국대 [법인/건학위],1,‘Restart’ 지역미래불자장학…원법사 ‘101호’ 기부,현대불교신문,True,"https://www.hyunbulnews.com/news/articleView.html?idxno=419444
https://www.ibulgyo.com/news/articleView.html?idxno=426650
https://www.btnnews.tv/news/articleView.html?idxno=86031",artifacts/hongbo_original_comparison/originals/오늘의주요뉴스/오늘의 주요 뉴스(250529).hwp
2025-05-29,동국대 [법인/건학위],2,"동국대 화학공학과 노경무 박사과정생, 한국고분자학회 최우수 논문 발표상 수상",베리타스알파,True,"https://www.veritas-a.com/news/articleView.html?idxno=555771
https://dhnews.co.kr/news/view/1065579401469392",artifacts/hongbo_original_comparison/originals/오늘의주요뉴스/오늘의 주요 뉴스(250529).hwp
2025-05-29,동국대 [법인/건학위],3,"동국대 미래융합교육원, ‘시니어 뇌순환 교육’ 지도자 양성 프로그램 운영",아시아투데이,False,https://www.asiatoday.co.kr/kn/view.php?key=20250527010013513,artifacts/hongbo_original_comparison/originals/오늘의주요뉴스/오늘의 주요 뉴스(250529).hwp
2025-05-29,대학 [교육],1,"이주호 대행 ""지자체·대학, 지역 특색 기반한 상생 노력 해야""",뉴스1,False,https://www.news1.kr/society/education/5797534,artifacts/hongbo_original_comparison/originals/오늘의주요뉴스/오늘의 주요 뉴스(250529).hwp
2025-05-29,대학 [교육],2,"美국무장관 ""중국 유학생 비자 취소 시작할 것""",연합뉴스,False,https://www.yna.co.kr/view/AKR20250529028400009?input=1195m,artifacts/hongbo_original_comparison/originals/오늘의주요뉴스/오늘의 주요 뉴스(250529).hwp
2025-05-29,불교 [종단],1,불교계가 만든 첫 고등 종교교과서...학교에 도입될까,BBS,False,https://news.bbsi.co.kr/news/articleView.html?idxno=4032189,artifacts/hongbo_original_comparison/originals/오늘의주요뉴스/오늘의 주요 뉴스(250529).hwp
2025-05-29,불교 [종단],2,"문화유산회복재단, 환수문화유산 기념박물관 개관",불교신문,False,https://slv.ibulgyo.com/news/articleView.html?idxno=426604,artifacts/hongbo_original_comparison/originals/오늘의주요뉴스/오늘의 주요 뉴스(250529).hwp
2025-05-30,동국대 [법인/건학위],1,“애틋함 꽃피우는 불자 되길”...용주사 동국대에 장학기금 2000만원 기부,불교신문,True,"https://www.ibulgyo.com/news/articleView.html?idxno=426669
https://news.bbsi.co.kr/news/articleView.html?idxno=4032335
https://www.btnnews.tv/news/articleView.html?idxno=86048",artifacts/hongbo_original_comparison/originals/오늘의주요뉴스/오늘의 주요 뉴스(250530).hwp
2025-05-30,동국대 [법인/건학위],2,"조계종 종평위, 제7기 신규위원에 조윤오 동국대 교수 위촉",법보신문,True,"https://www.beopbo.com/news/articleView.html?idxno=329368
https://www.hyunbulnews.com/news/articleView.html?idxno=419469",artifacts/hongbo_original_comparison/originals/오늘의주요뉴스/오늘의 주요 뉴스(250530).hwp
2025-05-30,동국대 [법인/건학위],3,"동국대 김성준 연구팀, 투명 전극 광 뉴로모픽 메모리 소자 개발",베리타스알파,False,https://www.veritas-a.com/news/articleView.html?idxno=556288,artifacts/hongbo_original_comparison/originals/오늘의주요뉴스/오늘의 주요 뉴스(250530).hwp
2025-05-30,동국대 [법인/건학위],4,"동국대학교 분당한방병원, 보건복지부 지정 '호스피스전문기관' 승인",불교신문,True,"https://slv.ibulgyo.com/news/articleView.html?idxno=426657
https://www.hyunbulnews.com/news/articleView.html?idxno=419455",artifacts/hongbo_original_comparison/originals/오늘의주요뉴스/오늘의 주요 뉴스(250530).hwp
2025-05-30,동국대 [법인/건학위],5,"[최상미 교수(사회복지상담학과) 출연] [지식의 맛-인문학레시피 4회] 청년들의 비명, 괜찮은 척하는 우리 사회의 민낯 | 마음 근육 키우기",BBS,False,https://www.youtube.com/watch?v=7mliO_n7ulk,artifacts/hongbo_original_comparison/originals/오늘의주요뉴스/오늘의 주요 뉴스(250530).hwp
2025-05-30,동국대 [법인/건학위],6,"인스코비, 동국대 이원부 명예교수 경영 고문으로 영입",아시아경제,False,https://www.asiae.co.kr/article/2025053008413340390,artifacts/hongbo_original_comparison/originals/오늘의주요뉴스/오늘의 주요 뉴스(250530).hwp
2025-05-30,대학 [교육],1,"서울·동국·한양대, 現 고1 대입부터 정시 비중 40 → 30% 축소",서울신문,False,https://www.seoul.co.kr/news/society/education-news/2025/05/30/20250530014003?wlog_tag3=naver,artifacts/hongbo_original_comparison/originals/오늘의주요뉴스/오늘의 주요 뉴스(250530).hwp
2025-05-30,대학 [교육],2,"美국무부 ""F·M·J 비자 신청자, 인터뷰 일정 수시로 체크해야""",연합뉴스,False,https://www.yna.co.kr/view/AKR20250530006900071?input=1195m,artifacts/hongbo_original_comparison/originals/오늘의주요뉴스/오늘의 주요 뉴스(250530).hwp
2025-07-30,동국대 [법인/건학위],1,[윤재웅 총장 기조연설] ‘문학 올림픽’ 세계비교문학협회 총회 개막...“불교 기반 K-문학 세계화”,BBS,False,https://news.bbsi.co.kr/news/articleView.html?idxno=4040951,artifacts/hongbo_original_comparison/originals/오늘의주요뉴스/오늘의 주요 뉴스(250730).hwpx
2025-07-30,동국대 [법인/건학위],2,"동국대 손정인 공동연구팀, 차세대 리튬 전지용 양쪽 전극 친화형 야누스 구조 전고체 전해질 개발",베리타스알파,True,"https://www.veritas-a.com/news/articleView.html?idxno=565402
https://edu.donga.com/news/articleView.html?idxno=92667",artifacts/hongbo_original_comparison/originals/오늘의주요뉴스/오늘의 주요 뉴스(250730).hwpx
2025-07-30,동국대 [법인/건학위],3,"[동국108리더스] 2025 농촌 봉사활동, 뜨거운 여름의 한가운데서 이어진 따뜻한 손길",,True,"https://www.youtube.com/watch?v=cpn3FMbij20
https://www.youtube.com/watch?v=U2PPiDWWH4w&list=PL7qq979gQcK2OckzcjP-TJA5974-XYN7b&index=3
https://www.youtube.com/watch?v=Yd3WOh4XfGo&list=PL7qq979gQcK2OckzcjP-TJA5974-XYN7b&index=2
https://www.youtube.com/watch?v=4KY7wDfNfqU&list=PL7qq979gQcK2OckzcjP-TJA5974-XYN7b&index=1
https://www.bbs.or.kr/HOME2/?ACT=REPLAY&pType=VOD&ProgramCode=2230&pIDX=387766&SearchText=&Page=1",artifacts/hongbo_original_comparison/originals/오늘의주요뉴스/오늘의 주요 뉴스(250730).hwpx
2025-07-30,대학 [교육],1,이주호 교육부 장관 퇴임,한국대학신문,False,https://news.unn.net/news/articleView.html?idxno=581927,artifacts/hongbo_original_comparison/originals/오늘의주요뉴스/오늘의 주요 뉴스(250730).hwpx
2025-07-30,불교 [종단],1,"“불심(佛心)도 더위도, 한국이 인도보다 더 뜨거운 것 같아요”",동아일보,False,https://www.donga.com/news/Culture/article/all/20250729/132088904/1,artifacts/hongbo_original_comparison/originals/오늘의주요뉴스/오늘의 주요 뉴스(250730).hwpx
2025-08-01,동국대 [법인/건학위],1,"문명대 명예교수, ""바다·육지 넘나든 신석기인 삶…반구천 암각화는 국보중의 국보“",서울경제,False,https://www.sedaily.com/NewsView/2GVKCKQKRS,artifacts/hongbo_original_comparison/originals/오늘의주요뉴스/오늘의 주요 뉴스(250801).hwpx
2025-08-01,동국대 [법인/건학위],2,[동문소식 – 송희복(국어국문 77)] 송희복 평론가 '자유와 인권의 문학사' 펴내,경남도민신문,False,http://www.gndomin.com/news/articleView.html?idxno=443245,artifacts/hongbo_original_comparison/originals/오늘의주요뉴스/오늘의 주요 뉴스(250801).hwpx
2025-08-01,동국대 [법인/건학위],3,"동국대 한류융합학술원 최원재 연구원, '모더니티 시대 한류 스타 이상' 발표",뉴스핌,False,https://www.newspim.com/news/view/20250731000883,artifacts/hongbo_original_comparison/originals/오늘의주요뉴스/오늘의 주요 뉴스(250801).hwpx
2025-08-01,동국대 [법인/건학위],4,"KITA 회원사, ‘동국대 LA캠퍼스’ 방문",미주중앙일보,False,https://www.koreadaily.com/article/20250730201048088,artifacts/hongbo_original_comparison/originals/오늘의주요뉴스/오늘의 주요 뉴스(250801).hwpx
2025-08-01,대학 [교육],1,인문사회와 AI 융합 교육하는 대학에 재정지원 검토,동아일보,False,https://www.donga.com/news/Society/article/all/20250731/132106449/1,artifacts/hongbo_original_comparison/originals/오늘의주요뉴스/오늘의 주요 뉴스(250801).hwpx
2025-08-01,대학 [교육],2,다문화 자녀 교육 소외 옛말…10명 중 6명 대학 진학,뉴스1,False,https://www.news1.kr/society/women-family/5864819,artifacts/hongbo_original_comparison/originals/오늘의주요뉴스/오늘의 주요 뉴스(250801).hwpx
2025-08-01,불교 [종단],1,"조계종, 올해 출가자 5년 만에 100명 돌파 목전",불교IN,False,https://www.bulgyo-in.com/news/articleView.html?idxno=1394,artifacts/hongbo_original_comparison/originals/오늘의주요뉴스/오늘의 주요 뉴스(250801).hwpx
2025-08-13,동국대 [법인/건학위],1,"""먼저 떠난 남편의 당부""...동국대에 장학금 1천만 원 기부",BBS,False,https://news.bbsi.co.kr/news/articleView.html?idxno=4042795,artifacts/hongbo_original_comparison/originals/오늘의주요뉴스/오늘의 주요 뉴스(250813).hwpx
2025-08-13,동국대 [법인/건학위],2,"[동문소식 – 송희지(국어국문 20)] 활활 타지 않아도, 닿으면 뜨거운 숯처럼",조선일보,False,https://www.chosun.com/culture-life/culture_general/2025/08/11/URTZQFT6LJGKBEMGQQEDR6ATEQ/?utm_source=naver&utm_medium=referral&utm_campaign=naver-news,artifacts/hongbo_original_comparison/originals/오늘의주요뉴스/오늘의 주요 뉴스(250813).hwpx
2025-08-13,동국대 [법인/건학위],3,"[동문소식 – 박주형(회계 78)] 신세계백화점 '1위 롯데' 추월 시도, 박주형 내수 부진에도 차별화에 투자",비즈니스포스트,True,"https://www.businesspost.co.kr/BP?command=article_view&num=407371
http://www.dailyasia.kr/news/415875",artifacts/hongbo_original_comparison/originals/오늘의주요뉴스/오늘의 주요 뉴스(250813).hwpx
2025-08-13,대학 [교육],1,"대학생 ‘구글 AI 프로’ 멤버십 1년 무료… “디지털 격차 해소에 도움, 활용 가이드라인도 필요”",한국대학신문,False,https://news.unn.net/news/articleView.html?idxno=582331,artifacts/hongbo_original_comparison/originals/오늘의주요뉴스/오늘의 주요 뉴스(250813).hwpx
2025-08-13,대학 [교육],2,"의료 AI 인재 1천 명 키운다… 복지부, 6개 대학에 연 10억 지원",한국대학신문,False,https://news.unn.net/news/articleView.html?idxno=582234,artifacts/hongbo_original_comparison/originals/오늘의주요뉴스/오늘의 주요 뉴스(250813).hwpx
2025-08-13,불교 [종단],1,화마 속에 지켜낸 청송 대전사 '문화재' 공개,TBC,False,https://www.tbc.co.kr/news/view?pno=20250728162313AE08256&id=198102,artifacts/hongbo_original_comparison/originals/오늘의주요뉴스/오늘의 주요 뉴스(250813).hwpx
2025-08-13,불교 [종단],2,"교불련, “대학생 불교 관심분야는 ‘깨달음 과정’…체험 중심 교재 개발 필요해”",법보신문,False,https://www.beopbo.com/news/articleView.html?idxno=330657,artifacts/hongbo_original_comparison/originals/오늘의주요뉴스/오늘의 주요 뉴스(250813).hwpx
2025-08-13,불교 [종단],3,박범훈 조계종 불교음악원장 재위촉,불교신문,False,https://www.ibulgyo.com/news/articleView.html?idxno=429354,artifacts/hongbo_original_comparison/originals/오늘의주요뉴스/오늘의 주요 뉴스(250813).hwpx
2025-08-18,동국대 [법인/건학위],1,'2025 한국인구학회 국제학술대회' 동국대서 열린다 … 아시아 인구 전환 과제 논의,뉴데일리,False,https://biz.newdaily.co.kr/site/data/html/2025/08/17/2025081700004.html,artifacts/hongbo_original_comparison/originals/오늘의주요뉴스/오늘의 주요 뉴스(250818).hwpx
2025-08-18,동국대 [법인/건학위],2,"동국대 사회과학연구원, '스테이블코인 도입 방안' 학술 컨퍼런스 첫 개최",MBN,False,https://www.mbn.co.kr/news/economy/5134089,artifacts/hongbo_original_comparison/originals/오늘의주요뉴스/오늘의 주요 뉴스(250818).hwpx
2025-08-18,동국대 [법인/건학위],3,[동문소식 – 김승현(행정 87)] [프로필] 김승현 동작세무서장,조세금융신문,False,https://www.tfmedia.co.kr/news/article.html?no=194062,artifacts/hongbo_original_comparison/originals/오늘의주요뉴스/오늘의 주요 뉴스(250818).hwpx
2025-08-18,동국대 [법인/건학위],4,[동문소식 – 김민수(식품산업관리 19)] 안심하이 “AI·STT 기술로 어르신 돌봄 업무 개선”,,False,https://www.donga.com/news/It/article/all/20250814/132189545/1,artifacts/hongbo_original_comparison/originals/오늘의주요뉴스/오늘의 주요 뉴스(250818).hwpx
2025-08-18,대학 [교육],1,"‘골든타임’ 놓칠 수 없다… 英·日·韓, AI 인재 확보 위한 전략 고심",한국대학신문,False,https://news.unn.net/news/articleView.html?idxno=582518,artifacts/hongbo_original_comparison/originals/오늘의주요뉴스/오늘의 주요 뉴스(250818).hwpx
2025-08-18,대학 [교육],2,"자연계 내신 ‘1.0등급’ 최상위권, 모두 의대·약대 갔다",동아일보,False,https://www.donga.com/news/Society/article/all/20250817/132197852/1,artifacts/hongbo_original_comparison/originals/오늘의주요뉴스/오늘의 주요 뉴스(250818).hwpx
2025-08-18,불교 [종단],1,"세계 음식 석학들, 백양사서 사찰음식 진수 만나다",현대불교신문,False,https://www.hyunbulnews.com/news/articleView.html?idxno=420683,artifacts/hongbo_original_comparison/originals/오늘의주요뉴스/오늘의 주요 뉴스(250818).hwpx
2025-08-19,동국대 [법인/건학위],1,"김지희 동국대 교수 “인공지능대학원 심포지엄, AI 생태계 확장의 무대”",조선일보,False,https://digitalchosun.dizzo.com/site/data/html_dir/2025/08/18/2025081880231.html,artifacts/hongbo_original_comparison/originals/오늘의주요뉴스/오늘의 주요 뉴스(250819).hwpx
2025-08-19,동국대 [법인/건학위],2,[동문소식 – 필감성(연극영상 99)] 좀비딸 필감성 감독 “영화? 김성수 감독에 배웠죠”,중앙일보,False,https://www.joongang.co.kr/article/25359900,artifacts/hongbo_original_comparison/originals/오늘의주요뉴스/오늘의 주요 뉴스(250819).hwpx
2025-08-19,동국대 [법인/건학위],3,[동문소식 – 박승재(스포츠문화 20)] ‘확 바뀐 팀 컬러’ 삼성 박승재 “제가 잘 할 수 있는 스타일인 것 같다”,루키,False,https://www.rookie.co.kr/news/articleView.html?idxno=112693,artifacts/hongbo_original_comparison/originals/오늘의주요뉴스/오늘의 주요 뉴스(250819).hwpx
2025-08-19,동국대 [법인/건학위],4,[출판문화원] ‘사실은 어디에 있는가’…일본 기자의 냉철한 미디어 분석,아시아엔,False,https://kor.theasian.asia/archives/389799,artifacts/hongbo_original_comparison/originals/오늘의주요뉴스/오늘의 주요 뉴스(250819).hwpx
2025-08-19,대학 [교육],1,'지역·대학 동반성장' RISE 미래는…한국교육개발원 19일 정책포럼,뉴스1,False,https://www.news1.kr/society/education/5882243,artifacts/hongbo_original_comparison/originals/오늘의주요뉴스/오늘의 주요 뉴스(250819).hwpx
2025-08-19,대학 [교육],2,수능 원서 21일부터 접수… 온라인 사전입력 확대,동아일보,False,https://www.donga.com/news/Society/article/all/20250819/132208117/2,artifacts/hongbo_original_comparison/originals/오늘의주요뉴스/오늘의 주요 뉴스(250819).hwpx
2025-08-19,불교 [종단],1,"지금 바로 마음의 평안에 이르다...'선명상, 이렇게 실천해요'",불교신문,False,https://slv.ibulgyo.com/news/articleView.html?idxno=429490,artifacts/hongbo_original_comparison/originals/오늘의주요뉴스/오늘의 주요 뉴스(250819).hwpx
2025-08-20,동국대 [법인/건학위],1,"윤재웅 총장, ""동국대 120주년은 '석전스님 광복'의 해""",BBS,False,https://news.bbsi.co.kr/news/articleView.html?idxno=4043175,artifacts/hongbo_original_comparison/originals/오늘의주요뉴스/오늘의 주요 뉴스(250820).hwpx
2025-08-20,동국대 [법인/건학위],2,"동국대, 『제11회 파이콘 한국 2025』 개최",교수신문,True,"https://www.kyosu.net/news/articleView.html?idxno=141586
https://www.newsis.com/view/NISX20250819_0003295508",artifacts/hongbo_original_comparison/originals/오늘의주요뉴스/오늘의 주요 뉴스(250820).hwpx
2025-08-20,동국대 [법인/건학위],3,땀방울 속에서 리더십 배운 동국대 108리더스,아시아타임즈,False,https://www.asiatime.co.kr/article/20250818500215,artifacts/hongbo_original_comparison/originals/오늘의주요뉴스/오늘의 주요 뉴스(250820).hwpx
2025-08-20,동국대 [법인/건학위],4,[동문소식 – 윤범모(미술 72)] 윤범모 광주비엔날레 대표이사 “우리 미술문화 정체성 구축에 방점 ‘성격있는 비엔날레’로”,세계일보,False,https://www.segye.com/newsView/20250819514171?OutUrl=naver,artifacts/hongbo_original_comparison/originals/오늘의주요뉴스/오늘의 주요 뉴스(250820).hwpx
2025-08-20,대학 [교육],1,"전국 대학가, 2026학년도 대입 앞두고 고교 연계 프로그램 활발",한국대학신문,False,https://news.unn.net/news/articleView.html?idxno=582677,artifacts/hongbo_original_comparison/originals/오늘의주요뉴스/오늘의 주요 뉴스(250820).hwpx
2025-08-20,대학 [교육],2,"2학기 학자금 대출 늦지않게 신청하세요…한국장학재단, 생활비도 200만원 한도 지원",아시아경제,False,https://www.asiae.co.kr/article/2025081913372202797,artifacts/hongbo_original_comparison/originals/오늘의주요뉴스/오늘의 주요 뉴스(250820).hwpx
2025-08-20,불교 [종단],1,"“생명존중의 한국 사찰음식, 세계화 가능성 충분”",불교신문,False,https://slv.ibulgyo.com/news/articleView.html?idxno=429553,artifacts/hongbo_original_comparison/originals/오늘의주요뉴스/오늘의 주요 뉴스(250820).hwpx
2025-08-20,불교 [종단],2,"[칼럼] 불교, 산사에서 일상으로",현대불교신문,False,https://www.hyunbulnews.com/news/articleView.html?idxno=420659,artifacts/hongbo_original_comparison/originals/오늘의주요뉴스/오늘의 주요 뉴스(250820).hwpx
2025-08-26,동국대 [법인/건학위],1,북한출신 동국대생들 ‘독도’에서 한반도 평화를 발원하다,불교신문,True,"https://www.ibulgyo.com/news/articleView.html?idxno=429771
https://news.bbsi.co.kr/news/articleView.html?idxno=4044288
https://www.btnnews.tv/news/articleView.html?idxno=86987
https://www.hyunbulnews.com/news/articleView.html?idxno=420789
https://www.beopbo.com/news/articleView.html?idxno=330864",artifacts/hongbo_original_comparison/originals/오늘의주요뉴스/오늘의 주요 뉴스(250826).hwpx
2025-08-26,동국대 [법인/건학위],2,"동국대, '의료AI·지능형네트워크학과' 신설… 2026 수시 이공계 대폭 확대",전자신문,False,https://www.etnews.com/20250825000331,artifacts/hongbo_original_comparison/originals/오늘의주요뉴스/오늘의 주요 뉴스(250826).hwpx
2025-08-26,동국대 [법인/건학위],3,"동국대 문화콘텐츠학과, 8월 25일 ‘문화콘텐츠 20년, The Next’ 개최",뉴스1,True,"https://www.news1.kr/photos/7457090
https://www.beopbo.com/news/articleView.html?idxno=330870
https://www.beopbo.com/news/articleView.html?idxno=330873",artifacts/hongbo_original_comparison/originals/오늘의주요뉴스/오늘의 주요 뉴스(250826).hwpx
2025-08-26,대학 [교육],1,美 대학도 '줄도산' 위기,한국경제,False,https://www.hankyung.com/article/2025082505921,artifacts/hongbo_original_comparison/originals/오늘의주요뉴스/오늘의 주요 뉴스(250826).hwpx
2025-08-26,불교 [종단],1,"스크린에 담아낸 수행의 순간, 전국사찰서 만난다",불교IN,False,https://www.bulgyo-in.com/news/articleView.html?idxno=1481,artifacts/hongbo_original_comparison/originals/오늘의주요뉴스/오늘의 주요 뉴스(250826).hwpx
2025-08-26,불교 [종단],2,'통도사 문화공간' 건립공사 내달 착수…2027년 말 완공 목표,연합뉴스,False,https://www.yna.co.kr/view/AKR20250825049200052,artifacts/hongbo_original_comparison/originals/오늘의주요뉴스/오늘의 주요 뉴스(250826).hwpx
2025-08-27,동국대 [법인/건학위],1,"동국대 이민호 교수팀, AI 신약개발 국가과제 선정",E동아,True,"https://edu.donga.com/news/articleView.html?idxno=94028
https://www.etnews.com/20250826000187
https://www.newsis.com/view/NISX20250826_0003303228",artifacts/hongbo_original_comparison/originals/오늘의주요뉴스/오늘의 주요 뉴스(250827).hwpx
2025-08-27,동국대 [법인/건학위],2,"북한출신 청년들, 동국대서 다음달 불교연합동아리 출범",BBS,False,https://news.bbsi.co.kr/news/articleView.html?idxno=4044401,artifacts/hongbo_original_comparison/originals/오늘의주요뉴스/오늘의 주요 뉴스(250827).hwpx
2025-08-27,동국대 [법인/건학위],3,동국대 행정대학원 부동산 경·공매 최고위 과정 모집,매일경제,False,https://www.mk.co.kr/news/special-edition/11403228,artifacts/hongbo_original_comparison/originals/오늘의주요뉴스/오늘의 주요 뉴스(250827).hwpx
2025-08-27,대학 [교육],1,대학가에도 '마약 던지기'…서울시·자치구·경찰·대학 합동 점검,뉴시스,False,https://www.newsis.com/view/NISX20250826_0003303238,artifacts/hongbo_original_comparison/originals/오늘의주요뉴스/오늘의 주요 뉴스(250827).hwpx
2025-08-27,대학 [교육],2,9월 모의수능 ‘사탐런’ 역대 최대,파이낸셜뉴스,False,https://www.fnnews.com/news/202508261820515975,artifacts/hongbo_original_comparison/originals/오늘의주요뉴스/오늘의 주요 뉴스(250827).hwpx
2025-08-28,동국대 [법인/건학위],1,"돈관스님, 2년 전 세웠던 원력 결실 맺어..홀몸 탈북 '의지처'로",BTN,False,https://www.btnnews.tv/news/articleView.html?idxno=87000,artifacts/hongbo_original_comparison/originals/오늘의주요뉴스/오늘의 주요 뉴스(250828).hwpx
2025-08-28,동국대 [법인/건학위],2,"선운사·내소사, 동국대에 장학기금 2000만원 쾌척",현대불교신문,True,"https://www.hyunbulnews.com/news/articleView.html?idxno=420814
https://www.ibulgyo.com/news/articleView.html?idxno=429923
https://news.bbsi.co.kr/news/articleView.html?idxno=4044536
https://www.btnnews.tv/news/articleView.html?idxno=87009",artifacts/hongbo_original_comparison/originals/오늘의주요뉴스/오늘의 주요 뉴스(250828).hwpx
2025-08-28,동국대 [법인/건학위],3,"동국대 로터스관 신축공사, 동부건설 수주…736억 원 규모",TV조선,False,https://news.tvchosun.com/site/data/html_dir/2025/08/27/2025082790262.html,artifacts/hongbo_original_comparison/originals/오늘의주요뉴스/오늘의 주요 뉴스(250828).hwpx
2025-08-28,동국대 [법인/건학위],4,"[2026 대입 수시] 동국대, 첨단분야 등 4개 학과 증원⋯ 1920명 선발",아시아타임즈,True,"https://www.asiatime.co.kr/article/20250826500145
https://www.m-i.kr/news/articleView.html?idxno=1274717
https://www.newsfreezone.co.kr/news/articleView.html?idxno=643483",artifacts/hongbo_original_comparison/originals/오늘의주요뉴스/오늘의 주요 뉴스(250828).hwpx
2025-08-28,동국대 [법인/건학위],5,"동국대 BMC창업보육센터, 경기도 창업보육센터 운영평가 4년 연속 'S등급' 달성",베리타스알파,True,"https://www.veritas-a.com/news/articleView.html?idxno=569155
https://dhnews.co.kr/news/view/1065577284323791",artifacts/hongbo_original_comparison/originals/오늘의주요뉴스/오늘의 주요 뉴스(250828).hwpx
2025-08-28,대학 [교육],1,"美, 외국학생·교환방문자 비자 기간 최대 4년으로 제한 추진",연합뉴스,False,https://www.yna.co.kr/view/AKR20250828029300071,artifacts/hongbo_original_comparison/originals/오늘의주요뉴스/오늘의 주요 뉴스(250828).hwpx
2025-08-28,대학 [교육],2,"서울시, AI 인재 육성 총력…AI 서울테크 대학원 장학생 선발",뉴스1,False,https://www.news1.kr/local/seoul/5892659,artifacts/hongbo_original_comparison/originals/오늘의주요뉴스/오늘의 주요 뉴스(250828).hwpx
2025-08-28,불교 [종단],1,9월엔 국가유산 ‘산사(山寺)’로 힐링여행 떠나요,불교신문,False,https://www.ibulgyo.com/news/articleView.html?idxno=429884,artifacts/hongbo_original_comparison/originals/오늘의주요뉴스/오늘의 주요 뉴스(250828).hwpx
2025-08-29,동국대 [법인/건학위],1,"김범동 원우, 동국대에 로터스관 건립기금 1천만원 전달",뉴시스,False,https://www.newsis.com/view/NISX20250828_0003306341,artifacts/hongbo_original_comparison/originals/오늘의주요뉴스/오늘의 주요 뉴스(250829).hwp
2025-08-29,동국대 [법인/건학위],1,"동국대, 수시 1920명 선발…첨단학과 신설·광역 선발 확대",아시아투데이,False,https://www.asiatoday.co.kr/kn/view.php?key=20250826010012809,artifacts/hongbo_original_comparison/originals/오늘의주요뉴스/오늘의 주요 뉴스(250829).hwp
2025-08-29,동국대 [법인/건학위],2,"동국대 BMC, 인조잔디운동장 새 단장…지역 주민에게도 개방",뉴시스,False,https://www.newsis.com/view/NISX20250828_0003307100,artifacts/hongbo_original_comparison/originals/오늘의주요뉴스/오늘의 주요 뉴스(250829).hwp
2025-08-29,동국대 [법인/건학위],2,의료인공지능공학과·지능형네트워크융합학과 신설 … 4개 첨단분야서 109명 추가 선발,뉴데일리,False,https://biz.newdaily.co.kr/site/data/html/2025/08/28/2025082800481.html,artifacts/hongbo_original_comparison/originals/오늘의주요뉴스/오늘의 주요 뉴스(250829).hwp
2025-08-29,동국대 [법인/건학위],3,[SW중심대학을 만나다] 이강우 동국대 SW중심대학 사업단장,전자신문,False,https://www.etnews.com/20250828000067,artifacts/hongbo_original_comparison/originals/오늘의주요뉴스/오늘의 주요 뉴스(250829).hwp
2025-08-29,동국대 [법인/건학위],3,[불교학술원] 천년고찰 태화산 마곡사 '디지털 콘텐츠'로 구축,불교신문,False,https://www.ibulgyo.com/news/articleView.html?idxno=429994,artifacts/hongbo_original_comparison/originals/오늘의주요뉴스/오늘의 주요 뉴스(250829).hwp
2025-08-29,동국대 [법인/건학위],3,"""2040년까지 국내 3위·세계 50위권 진입"" … 첨단분야 증원·맞춤형 융합교육",뉴데일리,False,https://biz.newdaily.co.kr/site/data/html/2025/08/29/2025082900018.html,artifacts/hongbo_original_comparison/originals/오늘의주요뉴스/오늘의 주요 뉴스(250829).hwp
2025-08-29,동국대 [법인/건학위],4,"박종배 입학처장 ""학생부전형 서류평가는 전공분야 관심·진로탐색 노력 드러낼 수 있어야""",뉴데일리,False,https://biz.newdaily.co.kr/site/data/html/2025/08/29/2025082900004.html,artifacts/hongbo_original_comparison/originals/오늘의주요뉴스/오늘의 주요 뉴스(250829).hwp
2025-08-29,동국대 [법인/건학위],5,[동문소식 : 박광명 국민윤리86] 부산시청 정무라인 전면 재편,뉴시스,False,https://www.newsis.com/view/NISX20250829_0003307670,artifacts/hongbo_original_comparison/originals/오늘의주요뉴스/오늘의 주요 뉴스(250829).hwp
2025-08-29,대학 [교육],1,"작년 4년제大 장학금 5조원 돌파…1인당 장학금 383만원, 7.2%↑",연합뉴스,False,https://www.yna.co.kr/view/AKR20250828153600530?input=1195m,artifacts/hongbo_original_comparison/originals/오늘의주요뉴스/오늘의 주요 뉴스(250829).hwp
2025-08-29,대학 [교육],2,이공계판 기본소득 참여대학 6곳 추가…올해 35개교 5만명 지원,뉴스1,False,https://www.news1.kr/it-science/general-it/5893475,artifacts/hongbo_original_comparison/originals/오늘의주요뉴스/오늘의 주요 뉴스(250829).hwp
2025-08-29,대학 [교육],3,"""동탄에 대학병원 짓겠다"" 고려대·순천향대 컨소시엄 격돌",뉴시스,False,https://www.newsis.com/view/NISX20250828_0003306497,artifacts/hongbo_original_comparison/originals/오늘의주요뉴스/오늘의 주요 뉴스(250829).hwp
2025-08-29,불교 [종단],1,"조계종 화쟁위원장 정만스님, 민추본부장 성행스님",불교신문,False,https://www.ibulgyo.com/news/articleView.html?idxno=429985,artifacts/hongbo_original_comparison/originals/오늘의주요뉴스/오늘의 주요 뉴스(250829).hwp
2025-09-09,동국대 [법인/건학위],1,“취업 걱정 없는 학교로”…동국대 취업박람회 개막,현대불교신문,True,"https://www.hyunbulnews.com/news/articleView.html?idxno=421036
https://www.beopbo.com/news/articleView.html?idxno=331114",artifacts/hongbo_original_comparison/originals/오늘의주요뉴스/오늘의 주요 뉴스(250909).hwpx
2025-09-09,동국대 [법인/건학위],2,"돈관스님, 동국대에 직지심체요절 디지털 영인본 기증",BBS,False,https://news.bbsi.co.kr/news/articleView.html?idxno=4046177,artifacts/hongbo_original_comparison/originals/오늘의주요뉴스/오늘의 주요 뉴스(250909).hwpx
2025-09-09,동국대 [법인/건학위],3,"동국대, 신설 ESG 서포터즈 '동빛' 1기 위촉장 수여식 열어",뉴시스,True,"https://www.newsis.com/view/NISX20250908_0003319646
https://dhnews.co.kr/news/view/1065572672415787",artifacts/hongbo_original_comparison/originals/오늘의주요뉴스/오늘의 주요 뉴스(250909).hwpx
2025-09-09,동국대 [법인/건학위],4,"불교문화대전, 9~10일 동국대서 개최...'강연·명상·음악' 선봬",아시아경제,False,https://www.asiae.co.kr/article/2025090508022746811,artifacts/hongbo_original_comparison/originals/오늘의주요뉴스/오늘의 주요 뉴스(250909).hwpx
2025-09-09,동국대 [법인/건학위],5,"“오세암은 만해선양의 중심지”...동국대, ‘님의 침묵’ 탈고 100주년 다례재",불교신문,False,https://slv.ibulgyo.com/news/articleView.html?idxno=430329,artifacts/hongbo_original_comparison/originals/오늘의주요뉴스/오늘의 주요 뉴스(250909).hwpx
2025-09-09,대학 [교육],1,"수능 응시생, 작년보다 3만여명 늘었다…올해도 '사탐런' 바람",한국일보,False,https://www.hankookilbo.com/News/Read/A2025090814150001661?did=NA,artifacts/hongbo_original_comparison/originals/오늘의주요뉴스/오늘의 주요 뉴스(250909).hwpx
2025-09-09,대학 [교육],2,"[사설] 미국 DHS의 유학생 체류기간 제한, 한국 고등교육의 기회와 과제",한국대학신문,False,https://news.unn.net/news/articleView.html?idxno=583526,artifacts/hongbo_original_comparison/originals/오늘의주요뉴스/오늘의 주요 뉴스(250909).hwpx
2025-09-09,불교 [종단],1,2025대한민국불교문화엑스포 사전등록 2만 돌파...전년 대비 2.5배↑,불교신문,False,https://slv.ibulgyo.com/news/articleView.html?idxno=430377,artifacts/hongbo_original_comparison/originals/오늘의주요뉴스/오늘의 주요 뉴스(250909).hwpx
2025-09-11,동국대 [법인/건학위],1,"[취업박람회] 대학생 취업벽 뚫는다...""이과 복수전공 필수""",BBS,True,"https://news.bbsi.co.kr/news/articleView.html?idxno=4046305
https://biz.newdaily.co.kr/site/data/html/2025/09/11/2025091100013.html
https://www.newsis.com/view/NISX20250910_0003323436",artifacts/hongbo_original_comparison/originals/오늘의주요뉴스/오늘의 주요 뉴스(250911).hwpx
2025-09-11,동국대 [법인/건학위],2,"[만해축전] 전쟁터서 따뜻한 식사 대접, 北인권운동 30년… ""만해 정신, 세계서 실천""",조선일보,True,"https://www.chosun.com/culture-life/relion-academia/2025/09/11/SBSZHRT7NRHXLB5F4IVITRHLVU/
https://www.ibulgyo.com/news/articleView.html?idxno=430537",artifacts/hongbo_original_comparison/originals/오늘의주요뉴스/오늘의 주요 뉴스(250911).hwpx
2025-09-11,동국대 [법인/건학위],3,"다양한 불교문화 체험의 장, 올해는 동국대에서 '2025불교문화대전 개막'",BBS,True,"https://news.bbsi.co.kr/news/articleView.html?idxno=4046277
https://www.segye.com/newsView/20250909517689",artifacts/hongbo_original_comparison/originals/오늘의주요뉴스/오늘의 주요 뉴스(250911).hwpx
2025-09-11,동국대 [법인/건학위],4,동국대-페이스메이커스 ‘글로벌 스타트업 멘토 과정’ 5기 개강,플래텀,False,https://platum.kr/archives/270504,artifacts/hongbo_original_comparison/originals/오늘의주요뉴스/오늘의 주요 뉴스(250911).hwpx
2025-09-11,대학 [교육],1,"한국 고등교육 정부 재정 지출, OECD 평균보다 낮다",머니투데이,False,https://news.mt.co.kr/mtview.php?no=2025090915131450076,artifacts/hongbo_original_comparison/originals/오늘의주요뉴스/오늘의 주요 뉴스(250911).hwpx
2025-09-11,대학 [교육],2,‘유학생 훈풍’이라지만… OECD 평균엔 못 미쳐,한국대학신문,False,https://news.unn.net/news/articleView.html?idxno=583657,artifacts/hongbo_original_comparison/originals/오늘의주요뉴스/오늘의 주요 뉴스(250911).hwpx
2025-09-11,불교 [종단],1,종법 개정안 3건 모두 ‘만장일치’ 통과,불교신문,False,https://www.ibulgyo.com/news/articleView.html?idxno=430524,artifacts/hongbo_original_comparison/originals/오늘의주요뉴스/오늘의 주요 뉴스(250911).hwpx
2025-09-11,불교 [종단],2,"“국악에 오케스트라 접목, 외국인이 이해해야 진짜 세계화”",동아일보,False,https://www.donga.com/news/Culture/article/all/20250910/132348441/1,artifacts/hongbo_original_comparison/originals/오늘의주요뉴스/오늘의 주요 뉴스(250911).hwpx
2025-10-13,동국대 [법인/건학위],1,"""학문과 연구의 요람되길""...화계사 우봉스님, 동국대 120주년 맞아 힘 보태",BBS,False,https://news.bbsi.co.kr/news/articleView.html?idxno=4049428,artifacts/hongbo_original_comparison/originals/오늘의주요뉴스/오늘의 주요 뉴스(251013).hwpx
2025-10-13,동국대 [법인/건학위],2,'님의 침묵 100주년 기념사업' 선포 행사 11일 개최,뉴데일리,False,https://gw.newdaily.co.kr/site/data/html/2025/10/09/2025100900077.html,artifacts/hongbo_original_comparison/originals/오늘의주요뉴스/오늘의 주요 뉴스(251013).hwpx
2025-10-13,동국대 [법인/건학위],3,"동국대 총동림동문회, 추석 맞아 노인요양원 찾아 봉사활동",BBS,False,https://news.bbsi.co.kr/news/articleView.html?idxno=4049104,artifacts/hongbo_original_comparison/originals/오늘의주요뉴스/오늘의 주요 뉴스(251013).hwpx
2025-10-13,동국대 [법인/건학위],4,동국대 파크골프 최고위과정 5기생 모집,연합뉴스,False,https://www.yna.co.kr/view/AKR20251010053600007,artifacts/hongbo_original_comparison/originals/오늘의주요뉴스/오늘의 주요 뉴스(251013).hwpx
2025-10-13,대학 [교육],1,"교육부, 임시 홈페이지 개통…""필수정보 제공해 불편 최소화""",연합뉴스,False,https://www.yna.co.kr/view/AKR20251009041100530,artifacts/hongbo_original_comparison/originals/오늘의주요뉴스/오늘의 주요 뉴스(251013).hwpx
2025-10-13,대학 [교육],2,"한 달 앞으로 다가온 수능…""개념 완성·실수관리 집중해야""",뉴시스,False,https://www.newsis.com/view/NISX20251010_0003358606,artifacts/hongbo_original_comparison/originals/오늘의주요뉴스/오늘의 주요 뉴스(251013).hwpx
2025-10-16,동국대 [법인/건학위],1,동국대 이사장 돈관스님의 MZ를 위한 ‘불교 안내서’,불교신문,True,"https://www.ibulgyo.com/news/articleView.html?idxno=431623
https://www.btnnews.tv/news/articleView.html?idxno=87532",artifacts/hongbo_original_comparison/originals/오늘의주요뉴스/오늘의 주요 뉴스(251016).hwpx
2025-10-16,동국대 [법인/건학위],2,"동국대, ‘님의 침묵’ 출간 100주년 기념사업 선포식 개최",E동아,True,"https://edu.donga.com/news/articleView.html?idxno=96580
https://www.kyosu.net/news/articleView.html?idxno=146214",artifacts/hongbo_original_comparison/originals/오늘의주요뉴스/오늘의 주요 뉴스(251016).hwpx
2025-10-16,동국대 [법인/건학위],3,"[제33차 건학기본기관장 연석회의] 동국대, ‘APEC’ 맞아 간화선 체험 행사 연다",불교신문,True,"https://www.ibulgyo.com/news/articleView.html?idxno=431632
https://www.beopbo.com/news/articleView.html?idxno=331724
https://www.hyunbulnews.com/news/articleView.html?idxno=500200",artifacts/hongbo_original_comparison/originals/오늘의주요뉴스/오늘의 주요 뉴스(251016).hwpx
2025-10-16,동국대 [법인/건학위],4,동국대학교-양평군...'그린바이오 지산학 협력 강화' 맞손,BBS,False,https://news.bbsi.co.kr/news/articleView.html?idxno=4050621,artifacts/hongbo_original_comparison/originals/오늘의주요뉴스/오늘의 주요 뉴스(251016).hwpx
2025-10-16,동국대 [법인/건학위],5,"동국대 박유헌 교수팀, ""세포배양육산업 지식재산권, 세포주 선택부터 고려해야""",뉴시스,True,"https://www.newsis.com/view/NISX20251015_0003364099
https://dhnews.co.kr/news/view/1065588279575484",artifacts/hongbo_original_comparison/originals/오늘의주요뉴스/오늘의 주요 뉴스(251016).hwpx
2025-10-16,대학 [교육],1,수천억 원 예산 투입하는데… GKS 졸업생 84%가 ‘연락 불가’,한국대학신문,False,https://news.unn.net/news/articleView.html?idxno=584986,artifacts/hongbo_original_comparison/originals/오늘의주요뉴스/오늘의 주요 뉴스(251016).hwpx
2025-10-16,대학 [교육],2,"MIT 이어 브라운대, 反다양성 협약 거부…""학문자유 제한""",뉴스1,False,https://www.news1.kr/world/usa-canada/5942573,artifacts/hongbo_original_comparison/originals/오늘의주요뉴스/오늘의 주요 뉴스(251016).hwpx
2025-10-16,불교 [종단],1,공교육과 명상 접점 찾는다…29일 선명상대회 국제컨퍼런스,뉴스1,False,https://www.news1.kr/life-culture/religion/5941441,artifacts/hongbo_original_comparison/originals/오늘의주요뉴스/오늘의 주요 뉴스(251016).hwpx
2025-10-16,불교 [종단],2,"조계종 출가장려특위, 출가학교 체계화 필요성 강조",법보신문,False,https://www.beopbo.com/news/articleView.html?idxno=331709,artifacts/hongbo_original_comparison/originals/오늘의주요뉴스/오늘의 주요 뉴스(251016).hwpx
2025-10-24,동국대 [법인/건학위],1,"동국대 윤재웅 총장, ""AI시대 질문하는 지성 필요, 그런 인재 기를 것""",중앙일보,False,https://www.joongang.co.kr/article/25376384,artifacts/hongbo_original_comparison/originals/오늘의주요뉴스/오늘의 주요 뉴스(251024).hwpx
2025-10-24,동국대 [법인/건학위],2,[동국대 RISE미래키움운영센터] 교실에 명상이 온다…초등생 정서 안정 ‘새 교육 혁명’,법보신문,False,https://www.beopbo.com/news/articleView.html?idxno=331919,artifacts/hongbo_original_comparison/originals/오늘의주요뉴스/오늘의 주요 뉴스(251024).hwpx
2025-10-24,동국대 [법인/건학위],3,"동국대, 의상 탄신 1400주년 국제학술대회 한일 공동 개최",아시아투데이,True,"https://www.asiatoday.co.kr/kn/view.php?key=20251023010008641
https://www.bulgyo-in.com/news/articleView.html?idxno=1733",artifacts/hongbo_original_comparison/originals/오늘의주요뉴스/오늘의 주요 뉴스(251024).hwpx
2025-10-24,동국대 [법인/건학위],4,"동국대 치유와행복융합연구원, '마음챙김 교육' 워크숍 개최",아시아경제,False,https://view.asiae.co.kr/article/2025102310090149203,artifacts/hongbo_original_comparison/originals/오늘의주요뉴스/오늘의 주요 뉴스(251024).hwpx
2025-10-24,동국대 [법인/건학위],5,불교사상부터 예술까지…동국대 종학연구소 학술대회,현대불교,False,https://www.hyunbulnews.com/news/articleView.html?idxno=500344,artifacts/hongbo_original_comparison/originals/오늘의주요뉴스/오늘의 주요 뉴스(251024).hwpx
2025-10-24,대학 [교육],1,수시모집 지원한 수험생 절반 이상 “정시 준비 안 해요”,동아일보,False,https://www.donga.com/news/Society/article/all/20251022/132616555/2,artifacts/hongbo_original_comparison/originals/오늘의주요뉴스/오늘의 주요 뉴스(251024).hwpx
2025-10-24,대학 [교육],2,“월급보다 대출 고지서가 부담”… 학자금대출 제도의 역설,한국대학신문,False,https://news.unn.net/news/articleView.html?idxno=585354,artifacts/hongbo_original_comparison/originals/오늘의주요뉴스/오늘의 주요 뉴스(251024).hwpx
2025-10-24,불교 [종단],1,"조계종 내년 예산 1,054억 편성...""'열암곡 입불' 등 과제 원만회향""",BBS,False,https://news.bbsi.co.kr/news/articleView.html?idxno=4051772,artifacts/hongbo_original_comparison/originals/오늘의주요뉴스/오늘의 주요 뉴스(251024).hwpx
2025-11-10,동국대 [법인/건학위],1,"정연화 보살, 동국대에 50억원 자산 희사",불교신문,True,"https://www.ibulgyo.com/news/articleView.html?idxno=432681
https://www.beopbo.com/news/articleView.html?idxno=332303",artifacts/hongbo_original_comparison/originals/오늘의주요뉴스/오늘의 주요 뉴스(251110).hwp
2025-11-10,동국대 [법인/건학위],2,"이태영 동국대 겸임교수, 로터스관 건립기금 1억원 기부",뉴시스,True,"https://www.newsis.com/view/NISX20251107_0003394376
https://www.beyondpost.co.kr/view.php?ud=20251108101711897392e75d13a3_30",artifacts/hongbo_original_comparison/originals/오늘의주요뉴스/오늘의 주요 뉴스(251110).hwp
2025-11-10,동국대 [법인/건학위],3,"강재원 동국대 교수, 제38대 방송학회장 취임",BBS,False,https://news.bbsi.co.kr/news/articleView.html?idxno=4053979,artifacts/hongbo_original_comparison/originals/오늘의주요뉴스/오늘의 주요 뉴스(251110).hwp
2025-11-10,동국대 [법인/건학위],4,"동국대 학생들, 우리도 오계 받을래요‥두 달 만에 다시",BTN,False,https://www.btnnews.tv/news/articleView.html?idxno=87897,artifacts/hongbo_original_comparison/originals/오늘의주요뉴스/오늘의 주요 뉴스(251110).hwp
2025-11-10,대학 [교육],1,‘AI 커닝’ 연세대 발칵… 기술 발전 속 ‘윤리 공백’ 커지는 대학,서울신문,False,https://www.seoul.co.kr/news/society/2025/11/10/20251110012005,artifacts/hongbo_original_comparison/originals/오늘의주요뉴스/오늘의 주요 뉴스(251110).hwp
2025-11-10,대학 [교육],2,2026학년도 '수능 문제지' 배부,연합뉴스,False,https://www.yna.co.kr/view/PYH20251110011400013,artifacts/hongbo_original_comparison/originals/오늘의주요뉴스/오늘의 주요 뉴스(251110).hwp
2025-11-10,불교 [종단],1,"불교중앙박물관, 경주남산 주제로 불교문화강좌 진행중",불교신문,False,https://www.ibulgyo.com/news/articleView.html?idxno=432647,artifacts/hongbo_original_comparison/originals/오늘의주요뉴스/오늘의 주요 뉴스(251110).hwp
2025-11-11,동국대 [법인/건학위],1,"전순표 세스코 총회장, 동국대에 1억원 기부",베리타스알파,True,"https://www.veritas-a.com/news/articleView.html?idxno=581829
https://www.newstnt.com/news/articleView.html?idxno=552798",artifacts/hongbo_original_comparison/originals/오늘의주요뉴스/오늘의 주요 뉴스(251111).hwp
2025-11-11,동국대 [법인/건학위],2,"동국대, ‘2025 동국 창업 포럼’ 성료",대학저널,True,"https://dhnews.co.kr/news/view/1065575083118834
https://www.youthdaily.co.kr/news/article.html?no=201903",artifacts/hongbo_original_comparison/originals/오늘의주요뉴스/오늘의 주요 뉴스(251111).hwp
2025-11-11,동국대 [법인/건학위],3,"개그맨 겸 카레이서 한민관, 동국대에 1천만 원 기부",BBS,False,https://news.bbsi.co.kr/news/articleView.html?idxno=4053860,artifacts/hongbo_original_comparison/originals/오늘의주요뉴스/오늘의 주요 뉴스(251111).hwp
2025-11-11,동국대 [법인/건학위],4,"용인 법륜사, 동국대 법과대학 불교동아리에 장학금 1000만 원",법보신문,True,"https://www.beopbo.com/news/articleView.html?idxno=332313
https://news.bbsi.co.kr/news/articleView.html?idxno=4053895",artifacts/hongbo_original_comparison/originals/오늘의주요뉴스/오늘의 주요 뉴스(251111).hwp
2025-11-11,동국대 [법인/건학위],5,"[동문소식 – 이예원(국어국문문예창작 24)] '이병기·최명희문학상'…시 부문 도하은·송유빈, 소설 부문 이예원·박빛나",뉴스1,False,https://www.news1.kr/local/jeonbuk/5970950,artifacts/hongbo_original_comparison/originals/오늘의주요뉴스/오늘의 주요 뉴스(251111).hwp
2025-11-11,대학 [교육],1,고교 졸업 5.5년 만에 박사…교육부 'AI 패스트트랙' 띄운다,한국일보,False,https://www.hankookilbo.com/News/Read/A2025111010530004911?did=NA,artifacts/hongbo_original_comparison/originals/오늘의주요뉴스/오늘의 주요 뉴스(251111).hwp
2025-11-11,대학 [교육],2,[사설] 대학도서관진흥법이 나아가야 할 방향,한국대학신문,False,https://news.unn.net/news/articleView.html?idxno=585755,artifacts/hongbo_original_comparison/originals/오늘의주요뉴스/오늘의 주요 뉴스(251111).hwp
2025-11-11,대학 [교육],3,연세대 이어 고려대도 ‘AI 커닝’ 발칵 “시험 전면 무효화”,서울신문,False,https://www.seoul.co.kr/news/society/2025/11/11/20251111009007,artifacts/hongbo_original_comparison/originals/오늘의주요뉴스/오늘의 주요 뉴스(251111).hwp
2025-11-11,불교 [종단],1,경주 APEC 성공 기여한 한국불교…세계화 기회로,불교신문,False,https://www.ibulgyo.com/news/articleView.html?idxno=432677,artifacts/hongbo_original_comparison/originals/오늘의주요뉴스/오늘의 주요 뉴스(251111).hwp
2025-11-11,불교 [종단],2,비구니회 출범 2주년…부탄 티베트 비구니 수계 후원,현대불교,False,https://www.hyunbulnews.com/news/articleView.html?idxno=500677,artifacts/hongbo_original_comparison/originals/오늘의주요뉴스/오늘의 주요 뉴스(251111).hwp
2025-11-13,동국대 [법인/건학위],1,"""동문과 함께한 120년""...동국대, 로터스관으로 새 도약",BBS,True,"https://news.bbsi.co.kr/news/articleView.html?idxno=4054524
https://www.hyunbulnews.com/news/articleView.html?idxno=500723
https://www.beopbo.com/news/articleView.html?idxno=332380
https://www.veritas-a.com/news/articleView.html?idxno=582432",artifacts/hongbo_original_comparison/originals/오늘의주요뉴스/오늘의 주요 뉴스(251113).hwp
2025-11-13,동국대 [법인/건학위],2,"동국대 사물인터넷혁신융합대학사업단, ‘제1차 산학협력위원회’ 성료",스포츠서울,False,https://www.sportsseoul.com/news/read/1562572,artifacts/hongbo_original_comparison/originals/오늘의주요뉴스/오늘의 주요 뉴스(251113).hwp
2025-11-13,동국대 [법인/건학위],3,"[동문소식 – 전재수(역사교육 90)] ""재수는 저 하나로 충분""…전재수 장관의 수능 응원",조선일보,False,https://www.chosun.com/national/national_general/2025/11/12/OERXLUP4PFFGPIHDBV344DIZLM,artifacts/hongbo_original_comparison/originals/오늘의주요뉴스/오늘의 주요 뉴스(251113).hwp
2025-11-13,동국대 [법인/건학위],4,"동국대 이상현-임정현-지용현, 대학에서 얼마나 성장했나?",점프볼,False,https://jumpball.co.kr/news/newsview.php?ncode=1065577365208872,artifacts/hongbo_original_comparison/originals/오늘의주요뉴스/오늘의 주요 뉴스(251113).hwp
2025-11-13,대학 [교육],1,"수능 출제위원장 ""적정 난이도 출제…사탐런 유불리 없을 것""",연합뉴스,False,https://www.yna.co.kr/view/AKR20251113032352530,artifacts/hongbo_original_comparison/originals/오늘의주요뉴스/오늘의 주요 뉴스(251113).hwp
2025-11-13,대학 [교육],2,"AI 경쟁 핵심은 기술이 아닌 ‘인재’… “국내 대학, 자율성 제약에 발목”",한국대학신문,False,https://news.unn.net/news/articleView.html?idxno=586142,artifacts/hongbo_original_comparison/originals/오늘의주요뉴스/오늘의 주요 뉴스(251113).hwp
2025-11-13,불교 [종단],1,"제33회 불교언론문화상 “한 편의 기사, 영상이 불교 정신 살아 숨 쉬게 해”",불교신문,False,https://www.ibulgyo.com/news/articleView.html?idxno=432824,artifacts/hongbo_original_comparison/originals/오늘의주요뉴스/오늘의 주요 뉴스(251113).hwp
2025-11-25,동국대 [법인/건학위],1,"로터스관-동악플랜-AI 혁신… 동국대, 미래 동행의 글로벌 전략 본격 가동",동아일보,False,https://www.donga.com/news/Society/article/all/20251124/132826749/2,artifacts/hongbo_original_comparison/originals/오늘의주요뉴스/오늘의 주요 뉴스(251125).hwp
2025-11-25,동국대 [법인/건학위],2,"""서울을 명상의 도시로""… 시민과 함께한 서울국제명상엑스포",BBS,True,"https://news.bbsi.co.kr/news/articleView.html?idxno=4055705
https://www.btnnews.tv/news/articleView.html?idxno=88080",artifacts/hongbo_original_comparison/originals/오늘의주요뉴스/오늘의 주요 뉴스(251125).hwp
2025-11-25,동국대 [법인/건학위],3,[포토] '스님 로봇'과 함께하는 명상,조선일보,False,https://www.chosun.com/economy/stock-finance/2025/11/24/XBHHMOM6LVDA7E7DYH7WLNN5EQ,artifacts/hongbo_original_comparison/originals/오늘의주요뉴스/오늘의 주요 뉴스(251125).hwp
2025-11-25,동국대 [법인/건학위],4,제31회 동대문학상 대상 이예원 '조안에게 손톱을...',BBS,False,https://news.bbsi.co.kr/news/articleView.html?idxno=4055868,artifacts/hongbo_original_comparison/originals/오늘의주요뉴스/오늘의 주요 뉴스(251125).hwp
2025-11-25,동국대 [법인/건학위],5,"동국대학교 영상대학원, 한중 문화유산 복원 다큐 포럼 및 칭화대 칭잉 스튜디오 초청 콜로퀴엄 개최",베리타스알파,False,https://www.veritas-a.com/news/articleView.html?idxno=584702,artifacts/hongbo_original_comparison/originals/오늘의주요뉴스/오늘의 주요 뉴스(251125).hwp
2025-11-25,대학 [교육],1,“한국행=성공” K-유학 10년 새 3배 늘었다…외국인 유학생 18만명,매일경제,False,https://www.mk.co.kr/news/society/11475046,artifacts/hongbo_original_comparison/originals/오늘의주요뉴스/오늘의 주요 뉴스(251125).hwp
2025-11-25,대학 [교육],2,"대학 입시 시작, 2026학년도 '학폭' 의무 반영",강원일보,False,https://www.kwnews.co.kr/page/view/2025112311323281558,artifacts/hongbo_original_comparison/originals/오늘의주요뉴스/오늘의 주요 뉴스(251125).hwp
2025-11-25,불교 [종단],1,"문경세계명상마을 월컴센터, 7년만에 마침내 준공",불교신문,False,https://www.ibulgyo.com/news/articleView.html?idxno=433166,artifacts/hongbo_original_comparison/originals/오늘의주요뉴스/오늘의 주요 뉴스(251125).hwp
2025-11-25,불교 [종단],2,한국불교 유산 세계인 눈앞에… 美 워싱턴서 개막한 ‘이건희 컬렉션’,불교신문,False,https://www.ibulgyo.com/news/articleView.html?idxno=433130,artifacts/hongbo_original_comparison/originals/오늘의주요뉴스/오늘의 주요 뉴스(251125).hwp
2025-11-26,동국대 [법인/건학위],1,"동국대, 2025 중앙일보 대학평가 8위",중앙일보,False,https://www.joongang.co.kr/article/25385132,artifacts/hongbo_original_comparison/originals/오늘의주요뉴스/오늘의 주요 뉴스(251126).hwp
2025-11-26,동국대 [법인/건학위],2,"'토니상' 박천휴 작가, 동국대 문예창작학부 명예졸업",연합뉴스,True,"https://www.yna.co.kr/view/AKR20251125137800004
https://www.chosun.com/culture-life/performance-arts/2025/11/26/YIOU77UHRNHTXJKOAVUCLFRUXE
https://www.btnnews.tv/news/articleView.html?idxno=88101
https://www.donga.com/news/Society/article/all/20251125/132838325/1",artifacts/hongbo_original_comparison/originals/오늘의주요뉴스/오늘의 주요 뉴스(251126).hwp
2025-11-26,동국대 [법인/건학위],3,"동국대, 서울·경기 RISE 사업 동시 선정 … ‘지산학 혁신 허브’ 도약",중앙일보,False,https://www.joongang.co.kr/article/25385149,artifacts/hongbo_original_comparison/originals/오늘의주요뉴스/오늘의 주요 뉴스(251126).hwp
2025-11-26,동국대 [법인/건학위],4,120주년 앞둔 동국인의 밤...자랑스러운 동국인 '원법사 해운스님' 수상,BBS,False,https://news.bbsi.co.kr/news/articleView.html?idxno=4056068,artifacts/hongbo_original_comparison/originals/오늘의주요뉴스/오늘의 주요 뉴스(251126).hwp
2025-11-26,동국대 [법인/건학위],5,"동국대 국방안전연구센터, 해병대와 기술·교육 결연",지디넷코리아,False,https://zdnet.co.kr/view/?no=20251125135905,artifacts/hongbo_original_comparison/originals/오늘의주요뉴스/오늘의 주요 뉴스(251126).hwp
2025-11-26,대학 [교육],1,"논란 줄 잇던 수능… ""문제·정답 이상 無""",머니투데이,False,https://www.mt.co.kr/policy/2025/11/26/2025112520034657928,artifacts/hongbo_original_comparison/originals/오늘의주요뉴스/오늘의 주요 뉴스(251126).hwp
2025-11-26,대학 [교육],2,"학생·동문 개인정보 넘치는데…해킹에 뻥 뚫린 대학, 대책은",중앙일보,False,https://www.joongang.co.kr/article/25384759,artifacts/hongbo_original_comparison/originals/오늘의주요뉴스/오늘의 주요 뉴스(251126).hwp
2025-11-26,불교 [종단],1,사찰림은 ‘생태문화 복합유산’…역사·문화 가치 활용 위한 법 개정 필요,법보신문,False,https://www.beopbo.com/news/articleView.html?idxno=332601,artifacts/hongbo_original_comparison/originals/오늘의주요뉴스/오늘의 주요 뉴스(251126).hwp
2025-11-27,동국대 [법인/건학위],1,동국대 대학평가 8위...5년 연속 ‘톱10’,불교신문,True,"https://www.ibulgyo.com/news/articleView.html?idxno=433278
https://www.btnnews.tv/news/articleView.html?idxno=88124
https://news.bbsi.co.kr/news/articleView.html?idxno=4056134
https://www.beopbo.com/news/articleView.html?idxno=332634
https://www.hyunbulnews.com/news/articleView.html?idxno=500961",artifacts/hongbo_original_comparison/originals/오늘의주요뉴스/오늘의 주요 뉴스(251127).hwp
2025-11-27,동국대 [법인/건학위],2,"[종학연구소] 선명상, 현대인 정신건강 치유 대안 모색",불교신문,False,https://www.ibulgyo.com/news/articleView.html?idxno=433292,artifacts/hongbo_original_comparison/originals/오늘의주요뉴스/오늘의 주요 뉴스(251127).hwp
2025-11-27,동국대 [법인/건학위],3,"[출판문화원] 강윤재 동국대 교수, 신간 '과학기술과 위험사회' 출간",뉴시스,False,https://www.newsis.com/view/NISX20251124_0003414817,artifacts/hongbo_original_comparison/originals/오늘의주요뉴스/오늘의 주요 뉴스(251127).hwp
2025-11-27,동국대 [법인/건학위],4,"동국대, 박천휴 작가 명예졸업장 수여식·특강",중앙일보,False,https://www.joongang.co.kr/article/25385329,artifacts/hongbo_original_comparison/originals/오늘의주요뉴스/오늘의 주요 뉴스(251127).hwp
2025-11-27,대학 [교육],1,"교육부, '교육 ODA 콘퍼런스'…국제교육 협력 방향 모색",뉴스1,False,https://www.news1.kr/society/education/5989097,artifacts/hongbo_original_comparison/originals/오늘의주요뉴스/오늘의 주요 뉴스(251127).hwp
2025-11-27,대학 [교육],2,국립대병원 주무부처 복지부 이관… 교육위 법안소위 통과,한국대학신문,False,https://news.unn.net/news/articleView.html?idxno=586729,artifacts/hongbo_original_comparison/originals/오늘의주요뉴스/오늘의 주요 뉴스(251127).hwp
2025-11-27,불교 [종단],1,제37회 조계종 포교대상에 금정총림 범어사 방장 정여대종사,불교신문,False,https://www.ibulgyo.com/news/articleView.html?idxno=433271,artifacts/hongbo_original_comparison/originals/오늘의주요뉴스/오늘의 주요 뉴스(251127).hwp
2025-11-27,불교 [종단],2,"“불교미술, 생명력 있게 확장돼”…제33회 불교미술대전 시상식",불교신문,False,https://www.ibulgyo.com/news/articleView.html?idxno=433284,artifacts/hongbo_original_comparison/originals/오늘의주요뉴스/오늘의 주요 뉴스(251127).hwp
2025-12-01,동국대 [법인/건학위],1,"동국대 영화영상제작학과 교수 일동, 동국대에 발전기금 1천만원 전달",베리타스알파,False,https://www.veritas-a.com/news/articleView.html?idxno=586213,artifacts/hongbo_original_comparison/originals/오늘의주요뉴스/오늘의 주요 뉴스(251201).hwp
2025-12-01,동국대 [법인/건학위],2,"동국대 오케스트라 동아리 OPUS 지역사회 재능 기부, 어르신들 “감동의 기억 선물받아”",경향신문,False,https://www.khan.co.kr/article/202511302121005,artifacts/hongbo_original_comparison/originals/오늘의주요뉴스/오늘의 주요 뉴스(251201).hwp
2025-12-01,동국대 [법인/건학위],3,"동국대 중앙도서관, 용천사에 불서 646권 기증",불교신문,False,https://www.ibulgyo.com/news/articleView.html?idxno=433357,artifacts/hongbo_original_comparison/originals/오늘의주요뉴스/오늘의 주요 뉴스(251201).hwp
2025-12-01,동국대 [법인/건학위],4,"[동문소식 – 전재수(역사교육 90)] 부산에 '재수' 온다… 전재수 장관 “'해양수도 부산', 국가전략으로 추진”",이투데이,False,https://www.etoday.co.kr/news/view/2530005,artifacts/hongbo_original_comparison/originals/오늘의주요뉴스/오늘의 주요 뉴스(251201).hwp
2025-12-01,동국대 [법인/건학위],5,[칼럼] 변화·발전하는 동국대에 응원을,현대불교,False,https://www.hyunbulnews.com/news/articleView.html?idxno=500987,artifacts/hongbo_original_comparison/originals/오늘의주요뉴스/오늘의 주요 뉴스(251201).hwp
2025-12-01,대학 [교육],1,"국가 장학금 年 11조 시대, 대학은 더 가난해졌다 “17년 등록금 동결 부작용”",한국대학신문,False,https://news.unn.net/news/articleView.html?idxno=586830,artifacts/hongbo_original_comparison/originals/오늘의주요뉴스/오늘의 주요 뉴스(251201).hwp
2025-12-01,대학 [교육],2,고등학생까지 'AI 커닝' 저질렀다…교육 현장 대혼란에 결국,한국경제,False,https://www.hankyung.com/article/2025112828777,artifacts/hongbo_original_comparison/originals/오늘의주요뉴스/오늘의 주요 뉴스(251201).hwp
2025-12-01,불교 [종단],1,[사설] 전통사찰 문화자원 가치 존중돼야,불교신문,False,https://www.ibulgyo.com/news/articleView.html?idxno=433352,artifacts/hongbo_original_comparison/originals/오늘의주요뉴스/오늘의 주요 뉴스(251201).hwp
2025-12-01,불교 [종단],2,자승 스님 입적 2주기 특집 - 종단운영 철학,법보신문,False,https://www.beopbo.com/news/articleView.html?idxno=332693,artifacts/hongbo_original_comparison/originals/오늘의주요뉴스/오늘의 주요 뉴스(251201).hwp
2025-12-10,동국대 [법인/건학위],1,"동국대학교 영상대학원 문화콘텐츠학과 총동문회, 동국대에 발전기금 1천만 원 전달",,False,https://www.dongguk.edu/article/DEVFUND/detail/26762840,artifacts/hongbo_original_comparison/originals/오늘의주요뉴스/오늘의 주요 뉴스(251210).hwp
2025-12-10,동국대 [법인/건학위],2,동국대 총동림동문회 제17대 회장에 진철스님 재임,BBS,False,https://news.bbsi.co.kr/news/articleView.html?idxno=4057688,artifacts/hongbo_original_comparison/originals/오늘의주요뉴스/오늘의 주요 뉴스(251210).hwp
2025-12-10,동국대 [법인/건학위],3,"콘진원, ‘OTT 콘텐츠 특성화 대학원 지원사업’ 성과 발표… 2025년 신규 공모에 동국대학교, 중앙대학교, 홍익대학교 선정",매일안전신문,False,https://idsn.co.kr/news/view/1065600004348817,artifacts/hongbo_original_comparison/originals/오늘의주요뉴스/오늘의 주요 뉴스(251210).hwp
2025-12-10,동국대 [법인/건학위],4,"[동문소식 – 이완(미술학부 97)] 이완 동문, 『World Food-Tech Forum 2025』 개막 퍼포먼스 작가로 참여",,False,https://www.dongguk.edu/article/ALUMNINEWS/detail/26762844,artifacts/hongbo_original_comparison/originals/오늘의주요뉴스/오늘의 주요 뉴스(251210).hwp
2025-12-10,동국대 [법인/건학위],5,매경미디어 NEXT AI 해커톤 대상 동국대·최우수상 숙명여대,매일경제,False,https://www.mk.co.kr/news/society/11487553,artifacts/hongbo_original_comparison/originals/오늘의주요뉴스/오늘의 주요 뉴스(251210).hwp
2025-12-10,대학 [교육],1,"‘학령인구 급감’ 여대 남녀공학 전환, 논쟁으로 갈라진 대학가",한국대학신문,False,https://news.unn.net/news/articleView.html?idxno=587321,artifacts/hongbo_original_comparison/originals/오늘의주요뉴스/오늘의 주요 뉴스(251210).hwp
2025-12-10,대학 [교육],2,"구글, 대학생 뽑은 '제미나이 활용 베스트 12' 공개",뉴시스,False,https://www.newsis.com/view/NISX20251209_0003434032,artifacts/hongbo_original_comparison/originals/오늘의주요뉴스/오늘의 주요 뉴스(251210).hwp
2025-12-10,대학 [교육],3,대학생 60% “취업 큰 기대 없다”… 역량·일자리 부족이 원인,한국대학신문,False,https://news.unn.net/news/articleView.html?idxno=587287,artifacts/hongbo_original_comparison/originals/오늘의주요뉴스/오늘의 주요 뉴스(251210).hwp
2025-12-10,불교 [종단],1,"조계종 ""신불산 케이블카 건설 반대…세계유산 가치 훼손""",연합뉴스,False,https://www.yna.co.kr/view/AKR20251208128700005,artifacts/hongbo_original_comparison/originals/오늘의주요뉴스/오늘의 주요 뉴스(251210).hwp
2025-12-10,불교 [종단],2,"한국불교기자협회, 2025 불교기자상 시상식 개최",법보신문,False,https://www.beopbo.com/news/articleView.html?idxno=332863,artifacts/hongbo_original_comparison/originals/오늘의주요뉴스/오늘의 주요 뉴스(251210).hwp
2026-01-08,동국대 [법인/건학위],1,"동국대 컴퓨터·AI학부 김지희 교수, ‘2025 국가연구개발 우수성과 100선’ 융합분야 최우수성과 선정",교수신문,True,"https://www.kyosu.net/news/articleView.html?idxno=154448
https://www.dailysmart.co.kr/news/articleView.html?idxno=118564",artifacts/hongbo_original_comparison/originals/오늘의주요뉴스/오늘의 주요 뉴스(260108) (1).hwp
2026-01-08,동국대 [법인/건학위],2,"[동문소식 – 민동욱(전기공학 91)] 스마트폰·자동차용 카메라모듈로 매출 1조2000억 달성한 엠씨넥스… 민동욱 대표 ""차량용 반도체 패키지로 사업 확대""",조선비즈,False,https://biz.chosun.com/it-science/ict/2026/01/03/NEAS7VDV3BD6XAY6C7SJDRDIIU/,artifacts/hongbo_original_comparison/originals/오늘의주요뉴스/오늘의 주요 뉴스(260108) (1).hwp
2026-01-08,동국대 [법인/건학위],3,"[동문소식 – 전화성(컴퓨터공학 96)] 씨엔티테크, 차세대 XR 공연 IP '닥터 두리틀' 제작사 에이뉴프로덕션 투자",전자신문,False,https://www.etnews.com/20260107000332,artifacts/hongbo_original_comparison/originals/오늘의주요뉴스/오늘의 주요 뉴스(260108) (1).hwp
2026-01-08,동국대 [법인/건학위],4,"[동문소식 – 안현범(체육교육 13)] ‘부산에서 새 출발’ 안현범, 조성환 감독과 재회",마이데일리,False,https://www.mydaily.co.kr/page/view/2026010701325216409,artifacts/hongbo_original_comparison/originals/오늘의주요뉴스/오늘의 주요 뉴스(260108) (1).hwp
2026-01-08,대학 [교육],1,“졸업 필수 된 캡스톤 디자인…대학 투입 예산 4년 새 100억 늘었다”,전자신문,False,https://www.etnews.com/20260107000196,artifacts/hongbo_original_comparison/originals/오늘의주요뉴스/오늘의 주요 뉴스(260108) (1).hwp
2026-01-08,대학 [교육],2,새해 유학생 ‘정주’ 활발해지나…법무부 신년사 “출입국·이민정책 ‘주도적 설계’ 전환”,한국대학신문,False,https://news.unn.net/news/articleView.html?idxno=588342,artifacts/hongbo_original_comparison/originals/오늘의주요뉴스/오늘의 주요 뉴스(260108) (1).hwp
2026-01-08,불교 [종단],1,"전국비구니회, 올해부터 돌봄·장례서비스 본격화",불교신문,False,https://www.ibulgyo.com/news/articleView.html?idxno=434416,artifacts/hongbo_original_comparison/originals/오늘의주요뉴스/오늘의 주요 뉴스(260108) (1).hwp
2026-01-08,불교 [종단],2,"명상자판기, 禪話樂, 리더십 학교…참신한 종책 제안 쏟아져",불교신문,False,https://www.ibulgyo.com/news/articleView.html?idxno=434469,artifacts/hongbo_original_comparison/originals/오늘의주요뉴스/오늘의 주요 뉴스(260108) (1).hwp
2026-01-08,불교 [종단],3,"대형 불화 조사·분석 어떻게…국립문화유산연구원, 자료집 펴내",연합뉴스,False,https://www.yna.co.kr/view/AKR20260107025900005,artifacts/hongbo_original_comparison/originals/오늘의주요뉴스/오늘의 주요 뉴스(260108) (1).hwp
2026-01-12,동국대 [법인/건학위],1,"폴리화학 대표 임광호 동문, 동국대에 로터스관 건립기금 2000만원 기부",매일일보,True,"https://www.m-i.kr/news/articleView.html?idxno=1323920
https://www.kfenews.co.kr/news/articleView.html?idxno=652596",artifacts/hongbo_original_comparison/originals/오늘의주요뉴스/오늘의 주요 뉴스(260112).hwp
2026-01-12,동국대 [법인/건학위],2,"동국대 한류융합학술원, 한미커뮤니케이션학회(KACA) '2026 국제학술대회' 참가",비욘드포스트,False,https://www.beyondpost.co.kr/view.php?ud=20260110092628824892e75d13a3_30,artifacts/hongbo_original_comparison/originals/오늘의주요뉴스/오늘의 주요 뉴스(260112).hwp
2026-01-12,동국대 [법인/건학위],3,"[동문소식 – 이병선(사학 82)] 이병선 속초시장, 17일 단체장 처음으로 출간기념 북콘서트",강원도민일보,False,https://www.kado.net/news/articleView.html?idxno=2027470,artifacts/hongbo_original_comparison/originals/오늘의주요뉴스/오늘의 주요 뉴스(260112).hwp
2026-01-12,동국대 [법인/건학위],4,"[동문소식 – 권기민(스포츠문화 24)] 제주, '무학기 우승주역+영플상' 유승재 등 신인 4명 영입",베스트일레븐,False,https://www.besteleven.com/news/articleView.html?idxno=303697,artifacts/hongbo_original_comparison/originals/오늘의주요뉴스/오늘의 주요 뉴스(260112).hwp
2026-01-12,대학 [교육],1,등록금 인상 논의 본격화…학생 반발ㆍ지역대 ‘모집 부담’ 변수,중앙일보,False,https://www.joongang.co.kr/article/25396659,artifacts/hongbo_original_comparison/originals/오늘의주요뉴스/오늘의 주요 뉴스(260112).hwp
2026-01-12,대학 [교육],2,대학 입시 지형 바꾸는 AI 해일…올해 키워드는 ‘인공지능’,세계일보,False,https://www.segye.com/newsView/20260112503987,artifacts/hongbo_original_comparison/originals/오늘의주요뉴스/오늘의 주요 뉴스(260112).hwp
2026-01-12,불교 [종단],1,전국 불교종립학교 ‘선연을 찾아서’…은해사 템플스테이로 선연 맺어,BBS NEWS,False,https://news.bbsi.co.kr/news/articleView.html?idxno=4061503,artifacts/hongbo_original_comparison/originals/오늘의주요뉴스/오늘의 주요 뉴스(260112).hwp
2026-01-12,불교 [종단],2,'힙불교' 인기에도…조계종 출가자 수 5년째 100명 밑돌아,연합뉴스,False,https://www.yna.co.kr/view/AKR20260110058500005,artifacts/hongbo_original_comparison/originals/오늘의주요뉴스/오늘의 주요 뉴스(260112).hwp
2026-01-14,동국대 [법인/건학위],1,동국대 신임 ‘감사’에 재안스님 선임,불교신문,True,"https://www.ibulgyo.com/news/articleView.html?idxno=434620
https://www.btnnews.tv/news/articleView.html?idxno=88637
https://news.bbsi.co.kr/news/articleView.html?idxno=4062004",artifacts/hongbo_original_comparison/originals/오늘의주요뉴스/오늘의 주요 뉴스(260114).hwp
2026-01-14,동국대 [법인/건학위],2,"동국대 경기RISE사업단-여주시 농업기술센터, ‘식품산업 발전·산학협력 강화’ 맞손",대학저널,True,"https://dhnews.co.kr/news/view/1065587824385003
https://www.newstnt.com/news/articleView.html?idxno=575766
https://www.newsis.com/view/NISX20260114_0003476019",artifacts/hongbo_original_comparison/originals/오늘의주요뉴스/오늘의 주요 뉴스(260114).hwp
2026-01-14,동국대 [법인/건학위],3,동국대 '수행평가 지원 연구 사업' 성과공유 세미나 19일 개최,베리타스알파,False,https://www.veritas-a.com/news/articleView.html?idxno=593971,artifacts/hongbo_original_comparison/originals/오늘의주요뉴스/오늘의 주요 뉴스(260114).hwp
2026-01-14,동국대 [법인/건학위],4,"동국대, 숙명여대·성신여대와 공동 고교학점제 성과공유 컨퍼런스.. '내달 4일'",베리타스알파,False,https://www.veritas-a.com/news/articleView.html?idxno=593950,artifacts/hongbo_original_comparison/originals/오늘의주요뉴스/오늘의 주요 뉴스(260114).hwp
2026-01-14,대학 [교육],1,"국가 R&D 우수성과 100선, AI·바이오 중심 대학 연구 경쟁 뚜렷",한국대학신문,False,https://news.unn.net/news/articleView.html?idxno=588665,artifacts/hongbo_original_comparison/originals/오늘의주요뉴스/오늘의 주요 뉴스(260114).hwp
2026-01-14,대학 [교육],2,"등록금 인상 논의 본격화…사립대 ""불가피"" vs 학생 ""효용 적다""",뉴스1,False,https://www.news1.kr/society/education/6037857,artifacts/hongbo_original_comparison/originals/오늘의주요뉴스/오늘의 주요 뉴스(260114).hwp
2026-01-14,대학 [교육],3,사립대총장협 “학생회 만나… 등록금 인상 협조 요청할것”,동아일보,False,https://www.donga.com/news/Society/article/all/20260114/133150713/2,artifacts/hongbo_original_comparison/originals/오늘의주요뉴스/오늘의 주요 뉴스(260114).hwp
2026-01-14,불교 [종단],1,사진으로 기록한 국가무형유산 ‘사찰음식’의 정수,불교IN,False,https://www.bulgyo-in.com/news/articleView.html?idxno=2061,artifacts/hongbo_original_comparison/originals/오늘의주요뉴스/오늘의 주요 뉴스(260114).hwp
2026-01-16,동국대 [법인/건학위],1,[윤재웅 총장 연재] ‘선재봇’이야기 - <2> 나홀로나무,불교신문,False,https://www.ibulgyo.com/news/articleView.html?idxno=434702,artifacts/hongbo_original_comparison/originals/오늘의주요뉴스/오늘의 주요 뉴스(260116).hwp
2026-01-16,동국대 [법인/건학위],2,"동국대 남경완 교수, 이차전지 인재양성 공로 '교육부 장관상'",뉴시스,True,"https://www.newsis.com/view/NISX20260116_0003479398
https://www.etoday.co.kr/news/view/2546261",artifacts/hongbo_original_comparison/originals/오늘의주요뉴스/오늘의 주요 뉴스(260116).hwp
2026-01-16,동국대 [법인/건학위],3,동국대 '전형 개선 타당성 확보 연구/사업' 성과공유 행사 개최.. '내달 5일',베리타스알파,False,https://www.veritas-a.com/news/articleView.html?idxno=594301,artifacts/hongbo_original_comparison/originals/오늘의주요뉴스/오늘의 주요 뉴스(260116).hwp
2026-01-16,동국대 [법인/건학위],4,"[동문소식 – 구충호(경찰행정 86)] 법무법인 함백, 前 강남경찰서 수사과장 출신 구충호 전문위원 영입",퍼블릭뉴스통신,False,https://www.ttlnews.com/news/articleView.html?idxno=3069577,artifacts/hongbo_original_comparison/originals/오늘의주요뉴스/오늘의 주요 뉴스(260116).hwp
2026-01-16,동국대 [법인/건학위],5,[동문소식 – 이동수(경영 92)] [프로필] 이동수 NH농협 태안군지부장,중도일보,False,https://www.joongdo.co.kr/web/view.php?key=20260115010004733,artifacts/hongbo_original_comparison/originals/오늘의주요뉴스/오늘의 주요 뉴스(260116).hwp
2026-01-16,대학 [교육],1,서울대도 AI 학부 신설…대학가 인공지능 열풍,EBS,False,https://news.ebs.co.kr/ebsnews/allView/60683612/N,artifacts/hongbo_original_comparison/originals/오늘의주요뉴스/오늘의 주요 뉴스(260116).hwp
2026-01-16,대학 [교육],2,‘채용 한파’ 4년제 대학 취업률 평균 62.4%,한국대학신문,False,https://news.unn.net/news/articleView.html?idxno=588825,artifacts/hongbo_original_comparison/originals/오늘의주요뉴스/오늘의 주요 뉴스(260116).hwp
2026-01-16,대학 [교육],3,‘AI 학과’로 몰리는 수능생… 정시 지원자 최근 3년간 최다,동아일보,False,https://www.donga.com/news/Society/article/all/20260115/133158551/2,artifacts/hongbo_original_comparison/originals/오늘의주요뉴스/오늘의 주요 뉴스(260116).hwp
2026-01-16,불교 [종단],1,"조계종, 한국 불교로 ESG의 본질을 다시 묻다",뉴시스,False,https://www.newsis.com/view/NISX20260113_0003475716,artifacts/hongbo_original_comparison/originals/오늘의주요뉴스/오늘의 주요 뉴스(260116).hwp
2026-01-16,불교 [종단],2,선재스님이 이끄는 ‘사찰음식전법단’ 역량 강화 세미나,불교신문,False,https://www.ibulgyo.com/news/articleView.html?idxno=434736,artifacts/hongbo_original_comparison/originals/오늘의주요뉴스/오늘의 주요 뉴스(260116).hwp
2026-01-19,동국대 [법인/건학위],1,건학 120주년 맞은 동국대 ‘AI 선도’ ‘글로벌화’ 박차 서원,불교신문,False,https://www.ibulgyo.com/news/articleView.html?idxno=434826,artifacts/hongbo_original_comparison/originals/오늘의주요뉴스/오늘의 주요 뉴스(260119).hwp
2026-01-19,동국대 [법인/건학위],2,[인터뷰] 동국대에 50억 원 기탁한 이향숙 불자,법보신문,False,https://www.beopbo.com/news/articleView.html?idxno=333495,artifacts/hongbo_original_comparison/originals/오늘의주요뉴스/오늘의 주요 뉴스(260119).hwp
2026-01-19,동국대 [법인/건학위],3,"[동문소식 – 고영수(영어영문 87)] 우리에프아이에스 대표 고영수 이유있는 선임, 임종룡 AI 전환 전략 '키맨'",비즈니스포스트,False,https://www.businesspost.co.kr/BP?command=article_view&num=427109,artifacts/hongbo_original_comparison/originals/오늘의주요뉴스/오늘의 주요 뉴스(260119).hwp
2026-01-19,동국대 [법인/건학위],4,[동문소식 – 박민주(불교 63)] 신간 ‘니르바나’,불교신문,False,https://www.ibulgyo.com/news/articleView.html?idxno=434798,artifacts/hongbo_original_comparison/originals/오늘의주요뉴스/오늘의 주요 뉴스(260119).hwp
2026-01-19,동국대 [법인/건학위],5,"[동문소식 – 윤동춘(국어국문 80)] 6·3 지선, 예천군수 누가 뛰나",경북매일,False,https://www.kbmaeil.com/article/20260105500073,artifacts/hongbo_original_comparison/originals/오늘의주요뉴스/오늘의 주요 뉴스(260119).hwp
2026-01-19,대학 [교육],1,서강대 올해 등록금 2.5% 인상…2년 연속,뉴시스,False,https://www.newsis.com/view/NISX20260119_0003481148,artifacts/hongbo_original_comparison/originals/오늘의주요뉴스/오늘의 주요 뉴스(260119).hwp
2026-01-19,대학 [교육],2,"교육부, 성인 'AI 문해교육' 강화 나선다",강원일보,False,https://www.kwnews.co.kr/page/view/2026011810504137427,artifacts/hongbo_original_comparison/originals/오늘의주요뉴스/오늘의 주요 뉴스(260119).hwp
2026-01-19,불교 [종단],1,“불교 콘텐츠 제작 도와 SNS 전법활동 펼치겠다”,불교신문,False,https://www.ibulgyo.com/news/articleView.html?idxno=434789,artifacts/hongbo_original_comparison/originals/오늘의주요뉴스/오늘의 주요 뉴스(260119).hwp
2026-01-21,동국대 [법인/건학위],1,"동국대 ""생성형 AI, 전교생에 무료 배포""",BBS NEWS,False,https://news.bbsi.co.kr/news/articleView.html?idxno=4062787,artifacts/hongbo_original_comparison/originals/오늘의주요뉴스/오늘의 주요 뉴스(260121).hwp
2026-01-21,동국대 [법인/건학위],2,[출판문화원] 부처님 말씀에서 얻어낸 ‘멘탈 잡는 법’,불교신문,False,https://www.ibulgyo.com/news/articleView.html?idxno=434803,artifacts/hongbo_original_comparison/originals/오늘의주요뉴스/오늘의 주요 뉴스(260121).hwp
2026-01-21,동국대 [법인/건학위],3,"동국대 경영전문대학원, 제24기 핀테크·블록체인 융합 산업 최고위 과정 모집",전자신문,False,https://www.etnews.com/20260120000333,artifacts/hongbo_original_comparison/originals/오늘의주요뉴스/오늘의 주요 뉴스(260121).hwp
2026-01-21,동국대 [법인/건학위],4,"동국대 민화전공 김은화 · 고미경 · 신광숙, 2026년 국회 문화공간조성기획전 선정",,False,https://www.dongguk.edu/article/ALUMNINEWS/detail/26763275,artifacts/hongbo_original_comparison/originals/오늘의주요뉴스/오늘의 주요 뉴스(260121).hwp
2026-01-21,대학 [교육],1,"사립대 줄줄이 등록금 인상…교육부, 등록금 상한 유지 '재확인'",이투데이,False,https://www.etoday.co.kr/news/view/2546887,artifacts/hongbo_original_comparison/originals/오늘의주요뉴스/오늘의 주요 뉴스(260121).hwp
2026-01-21,대학 [교육],2,"서울 제외 32개 의과대학, 지역의사 학생 선발",데일리메디,False,https://www.dailymedi.com/news/news_view.php?wr_id=933149,artifacts/hongbo_original_comparison/originals/오늘의주요뉴스/오늘의 주요 뉴스(260121).hwp
2026-01-21,대학 [교육],3,수험생 절반 “정시 최대 변수는 불수능”... 최상위권은 '의대 정원'에 무게,전자신문,False,https://www.etnews.com/20260121000080,artifacts/hongbo_original_comparison/originals/오늘의주요뉴스/오늘의 주요 뉴스(260121).hwp
2026-02-20,동국대 [법인/건학위],1,"[포토] 건학 120주년 새내기 맞은 동국대, 26학번 입학식 개최",한국대학신문,False,https://news.unn.net/news/articleView.html?idxno=589951,artifacts/hongbo_original_comparison/originals/오늘의주요뉴스/오늘의 주요 뉴스(260220).hwp
2026-02-20,동국대 [법인/건학위],2,"동국대 사범대학, 교육부 6주기 교원양성기관 역량진단평가 ‘최우수 A등급’ 획득",중앙이코노미뉴스,True,"https://www.joongangenews.com/news/articleView.html?idxno=496131
https://www.newstnt.com/news/articleView.html?idxno=587420",artifacts/hongbo_original_comparison/originals/오늘의주요뉴스/오늘의 주요 뉴스(260220).hwp
2026-02-20,동국대 [법인/건학위],3,"동국대학교-(사)숲생태지도자협회, ‘지속 가능한 미래’ 위해 생태·환경 교육 협력 MOU 체결",산림녹지신문,False,http://www.fgsnews.co.kr/3623515881,artifacts/hongbo_original_comparison/originals/오늘의주요뉴스/오늘의 주요 뉴스(260220).hwp
2026-02-20,동국대 [법인/건학위],4,"동국대-씨엔티테크, '스타트업 CEO/투자심사역 과정' 12기 모집",베리타스알파,False,https://www.veritas-a.com/news/articleView.html?idxno=598844,artifacts/hongbo_original_comparison/originals/오늘의주요뉴스/오늘의 주요 뉴스(260220).hwp
2026-02-20,대학 [교육],1,AI시대 대학 도서관 재정의… ‘복합문화공간’ 자리매김,한국대학신문,False,https://news.unn.net/news/articleView.html?idxno=590053,artifacts/hongbo_original_comparison/originals/오늘의주요뉴스/오늘의 주요 뉴스(260220).hwp
2026-02-20,대학 [교육],2,“0.1%의 희망도 놓치지 마라”… 2026 대입 최후의 보루 ‘추가 모집’ 20일 시작,한국대학신문,False,https://news.unn.net/news/articleView.html?idxno=589948,artifacts/hongbo_original_comparison/originals/오늘의주요뉴스/오늘의 주요 뉴스(260220).hwp
2026-02-20,불교 [종단],1,"조계종 문화사업단-美 CIA(미국요리학교), 사찰음식 교육·세계화 ‘맞손’",현대불교,False,https://www.hyunbulnews.com/news/articleView.html?idxno=502087,artifacts/hongbo_original_comparison/originals/오늘의주요뉴스/오늘의 주요 뉴스(260220).hwp
2026-02-20,불교 [종단],2,"“AI 스님도 등장?”…불교계, 인공지능을 논한다",불교신문,False,https://www.ibulgyo.com/news/articleView.html?idxno=435612,artifacts/hongbo_original_comparison/originals/오늘의주요뉴스/오늘의 주요 뉴스(260220).hwp
2026-02-23,동국대 [법인/건학위],1,[윤재웅 총장 연재] 선재봇 이야기 <7> 질문의 스파링 파트너,불교신문,False,https://www.ibulgyo.com/news/articleView.html?idxno=435656,artifacts/hongbo_original_comparison/originals/오늘의주요뉴스/오늘의 주요 뉴스(260223).hwp
2026-02-23,동국대 [법인/건학위],2,"동국대·씨엔티테크, '스타트업 CEO·투자심사역 과정' 모집…실전형 창업·투자 교육 강화",신아일보,False,https://www.shinailbo.co.kr/news/articleView.html?idxno=2193899,artifacts/hongbo_original_comparison/originals/오늘의주요뉴스/오늘의 주요 뉴스(260223).hwp
2026-02-23,동국대 [법인/건학위],3,"‘상위대 첫 입결’ 동국대 2026입결.. 학종 내신 상승 ‘자연 2.36등급, 인문 2.67등급’",베리타스알파,False,https://www.veritas-a.com/news/articleView.html?idxno=598922,artifacts/hongbo_original_comparison/originals/오늘의주요뉴스/오늘의 주요 뉴스(260223).hwp
2026-02-23,동국대 [법인/건학위],4,"[동문소식 – 한가경(연극 21)] 한가경, 연극 ‘알앤제이’ 합류…로미오와 줄리엣의 재해석 ‘또 한 번 도약’",MK 스포츠,False,https://www.mksports.co.kr/news/entertain/11968637,artifacts/hongbo_original_comparison/originals/오늘의주요뉴스/오늘의 주요 뉴스(260223).hwp
2026-02-23,대학 [교육],1,"‘학폭’ 전력 숨기고 세탁… 대학 편입학, 가해자 ‘필터링’ 사각지대",한국대학신문,False,https://news.unn.net/news/articleView.html?idxno=590084,artifacts/hongbo_original_comparison/originals/오늘의주요뉴스/오늘의 주요 뉴스(260223).hwp
2026-02-23,대학 [교육],2,"대입·사교육 등 교육정책 개선 방안, 국민에게 직접 듣는다",뉴시스,False,https://www.newsis.com/view/NISX20260223_0003521953,artifacts/hongbo_original_comparison/originals/오늘의주요뉴스/오늘의 주요 뉴스(260223).hwp
2026-02-23,불교 [종단],1,1백년 지나 돌아온 '비로자나삼신불도',BBS NEWS,False,https://news.bbsi.co.kr/news/articleView.html?idxno=4068174,artifacts/hongbo_original_comparison/originals/오늘의주요뉴스/오늘의 주요 뉴스(260223).hwp
2026-02-23,불교 [종단],2,살랑~ 부는 봄바람 맞으며 ‘잠시 멈춤’ 할까요? 릴랙스 스팟 108곳 선정,불교신문,False,https://www.ibulgyo.com/news/articleView.html?idxno=435641,artifacts/hongbo_original_comparison/originals/오늘의주요뉴스/오늘의 주요 뉴스(260223).hwp
2026-02-24,동국대 [법인/건학위],1,"동국대 불교학술원, 법보신문·불교IN MOU 체결… 불교문화포털 內 뉴스보드 구축 협력",,True,"https://www.beopbo.com/news/articleView.html?idxno=333990
https://www.bulgyo-in.com/news/articleView.html?idxno=2223",artifacts/hongbo_original_comparison/originals/오늘의주요뉴스/오늘의 주요 뉴스(260224).hwp
2026-02-24,동국대 [법인/건학위],2,"약학대학 이경 교수팀, 프로테아좀 억제제 내성 넘는 UCHL5 타깃 신약 후보 발굴",,False,https://www.dongguk.edu/article/ACARESE/detail/26763666,artifacts/hongbo_original_comparison/originals/오늘의주요뉴스/오늘의 주요 뉴스(260224).hwp
2026-02-24,동국대 [법인/건학위],3,2028대입 수행평가 어떻게 설계하나.. 동국대 ‘영역명 가이드’ 공개,베리타스알파,False,https://www.veritas-a.com/news/articleView.html?idxno=599117,artifacts/hongbo_original_comparison/originals/오늘의주요뉴스/오늘의 주요 뉴스(260224).hwp
2026-02-24,동국대 [법인/건학위],4,[동문소식 – 박진환(국문 56)] 박진환 시인 시집 600권 출간...“시집발간 최다 보유자”,브레이크뉴스,False,https://www.breaknews.com/1186436,artifacts/hongbo_original_comparison/originals/오늘의주요뉴스/오늘의 주요 뉴스(260224).hwp
2026-02-24,대학 [교육],1,AI 기본교육과정 개발·운영 ‘첫 삽’… 20개대에 60억 원 투입,한국대학신문,False,https://news.unn.net/news/articleView.html?idxno=590106,artifacts/hongbo_original_comparison/originals/오늘의주요뉴스/오늘의 주요 뉴스(260224).hwp
2026-02-24,대학 [교육],2,"교육부, 고교교육 연계 대학 92곳에 575억 지원…학생부·수능 중심 강화",뉴스1,False,https://www.news1.kr/society/education/6080476,artifacts/hongbo_original_comparison/originals/오늘의주요뉴스/오늘의 주요 뉴스(260224).hwp
2026-02-24,불교 [종단],1,화쟁 세미나 ‘다름 넘어 공존으로’,현대불교,False,https://www.hyunbulnews.com/news/articleView.html?idxno=502132,artifacts/hongbo_original_comparison/originals/오늘의주요뉴스/오늘의 주요 뉴스(260224).hwp
2026-03-03,동국대 [법인/건학위],1,"[120利] 동국이 지켜 온 120년의 가치, 윤재웅 총장에게 묻다",동대신문,False,https://www.donggukmedia.com/news/articleView.html?idxno=84926,artifacts/hongbo_original_comparison/originals/오늘의주요뉴스/오늘의 주요 뉴스(260303).hwp
2026-03-03,동국대 [법인/건학위],2,"미타사, '명안스님' 20주기 맞아 동국대에 1억원 전달",BBS NEWS,True,"https://news.bbsi.co.kr/news/articleView.html?idxno=4069100
https://www.hyunbulnews.com/news/articleView.html?idxno=502210",artifacts/hongbo_original_comparison/originals/오늘의주요뉴스/오늘의 주요 뉴스(260303).hwp
2026-03-03,동국대 [법인/건학위],3,인제군·동국대 “인문고전 번역·AI 활용 협력”,강원도민일보,False,https://www.kado.net/news/articleView.html?idxno=2036563,artifacts/hongbo_original_comparison/originals/오늘의주요뉴스/오늘의 주요 뉴스(260303).hwp
2026-03-03,동국대 [법인/건학위],4,"박임순 동문, 동국대에 발전기금 1천만원 전달",베리타스알파,False,https://www.veritas-a.com/news/articleView.html?idxno=600040,artifacts/hongbo_original_comparison/originals/오늘의주요뉴스/오늘의 주요 뉴스(260303).hwp
2026-03-03,동국대 [법인/건학위],5,"동국대 석림동문회, 졸업생 환송·신입생 환영회",현대불교신문,False,https://www.hyunbulnews.com/news/articleView.html?idxno=502198,artifacts/hongbo_original_comparison/originals/오늘의주요뉴스/오늘의 주요 뉴스(260303).hwp
2026-03-03,대학 [교육],1,올해 반수생 ‘역대 최다’ 10만명 이를 듯,동아일보,False,https://www.donga.com/news/Society/article/all/20260303/133450097/2,artifacts/hongbo_original_comparison/originals/오늘의주요뉴스/오늘의 주요 뉴스(260303).hwp
2026-03-03,대학 [교육],2,"“대학 과제제출 때 AI 활용내역 내야”…교육부, 윤리 시안 내놔",한겨레,False,https://www.hani.co.kr/arti/society/schooling/1246974.html,artifacts/hongbo_original_comparison/originals/오늘의주요뉴스/오늘의 주요 뉴스(260303).hwp
2026-03-03,불교 [종단],1,"“군 불자 위한 안식처 역할 지속”…군불총, ‘창립 제26주년 기념법회’ 봉행",법보신문,False,https://www.beopbo.com/news/articleView.html?idxno=334111,artifacts/hongbo_original_comparison/originals/오늘의주요뉴스/오늘의 주요 뉴스(260303).hwp
2026-03-03,불교 [종단],2,"창립 2주년 교수붓다회, ‘시도·국제전법위원회’ 출범으로 도약",불교IN,False,https://www.bulgyo-in.com/news/articleView.html?idxno=2246,artifacts/hongbo_original_comparison/originals/오늘의주요뉴스/오늘의 주요 뉴스(260303).hwp
2026-03-09,동국대 [법인/건학위],1,"[윤재웅 총장 연재] 선재봇 이야기 <9> 천 개의 손, 천 개의 눈",불교신문,False,https://www.ibulgyo.com/news/articleView.html?idxno=435969,artifacts/hongbo_original_comparison/originals/오늘의주요뉴스/오늘의 주요 뉴스(260309) (1).hwp
2026-03-09,동국대 [법인/건학위],2,"조계종-동국대, '불교교육학'으로 전법 과학화 선언",BBS NEWS,True,"https://news.bbsi.co.kr/news/articleView.html?idxno=4070489
https://www.btnnews.tv/news/articleView.html?idxno=89171",artifacts/hongbo_original_comparison/originals/오늘의주요뉴스/오늘의 주요 뉴스(260309) (1).hwp
2026-03-09,동국대 [법인/건학위],3,"윤재웅 총장, “‘님의 침묵’, 갈등시대에 화합사유 제시하는 텍스트”",법보신문,False,https://www.beopbo.com/news/articleView.html?idxno=334227,artifacts/hongbo_original_comparison/originals/오늘의주요뉴스/오늘의 주요 뉴스(260309) (1).hwp
2026-03-09,동국대 [법인/건학위],4,"동국대, 'ESG위원회' 개최",서울파이낸스,False,https://www.seoulfn.com/news/articleView.html?idxno=622908,artifacts/hongbo_original_comparison/originals/오늘의주요뉴스/오늘의 주요 뉴스(260309) (1).hwp
2026-03-09,동국대 [법인/건학위],5,"동국대 불대 총동창회 23대 집행부 출범...혜담스님 ""세계 정신문명 밝히자""",BBS NEWS,False,https://news.bbsi.co.kr/news/articleView.html?idxno=4070569,artifacts/hongbo_original_comparison/originals/오늘의주요뉴스/오늘의 주요 뉴스(260309) (1).hwp
2026-03-09,대학 [교육],1,법무부 ‘유학생 체류관리 우수학과’ 평가… 지역이민 패키지 마련,한국대학신문,False,https://news.unn.net/news/articleView.html?idxno=590463,artifacts/hongbo_original_comparison/originals/오늘의주요뉴스/오늘의 주요 뉴스(260309) (1).hwp
2026-03-09,대학 [교육],2,"서울출입국청, 유학생 대상 '이동출입국' 운영…27개 대학 방문",연합뉴스,False,https://www.yna.co.kr/view/AKR20260306059300371,artifacts/hongbo_original_comparison/originals/오늘의주요뉴스/오늘의 주요 뉴스(260309) (1).hwp
2026-03-09,대학 [교육],3,“종이책 대신 태블릿PC”…대학교재 전자책 매출 비중 4년새 4배,디지털타임스,False,https://www.dt.co.kr/article/12050074,artifacts/hongbo_original_comparison/originals/오늘의주요뉴스/오늘의 주요 뉴스(260309) (1).hwp
2026-03-09,불교 [종단],1,‘공놀이’로 돌아온 서울국제불교박람회,불교신문,False,https://www.ibulgyo.com/news/articleView.html?idxno=436035,artifacts/hongbo_original_comparison/originals/오늘의주요뉴스/오늘의 주요 뉴스(260309) (1).hwp
2026-03-09,불교 [종단],2,화엄사 천연기념물 홍매화 첫 개화… 3월 말 절정 예상,법보신문,False,https://www.beopbo.com/news/articleView.html?idxno=334217,artifacts/hongbo_original_comparison/originals/오늘의주요뉴스/오늘의 주요 뉴스(260309) (1).hwp
2026-03-11,동국대 [법인/건학위],1,'참 나' 찾아 떠난 동국대 학생들...명사 릴레이 특강 개시,BBS NEWS,False,https://news.bbsi.co.kr/news/articleView.html?idxno=4071235,artifacts/hongbo_original_comparison/originals/오늘의주요뉴스/오늘의 주요 뉴스(260311).hwp
2026-03-11,동국대 [법인/건학위],2,"""극락행 나만 따라와""... 동국대 임중연 교수팀의 ‘불심 읽는 AI 로봇’, 혜안 스님",한국일보,False,https://www.hankookilbo.com/news/article/A2026030914520000846,artifacts/hongbo_original_comparison/originals/오늘의주요뉴스/오늘의 주요 뉴스(260311).hwp
2026-03-11,동국대 [법인/건학위],3,"대통령 직속 국민통합위, 전지명 동국대 특임교수 위촉",시민일보,False,https://www.siminilbo.co.kr/news/newsview.php?ncode=1160292255573853,artifacts/hongbo_original_comparison/originals/오늘의주요뉴스/오늘의 주요 뉴스(260311).hwp
2026-03-11,동국대 [법인/건학위],4,‘제82기 PIA 동국대 탐정 최고위과정’ 3월 21일 개강,브레이크뉴스,False,http://www.breaknews.com/1190545,artifacts/hongbo_original_comparison/originals/오늘의주요뉴스/오늘의 주요 뉴스(260311).hwp
2026-03-11,동국대 [법인/건학위],5,[동문소식 – 이동수(임학 67)] 이동수 의왕문화원 원장,경기신문,False,https://www.kgnews.co.kr/news/article.html?no=886799,artifacts/hongbo_original_comparison/originals/오늘의주요뉴스/오늘의 주요 뉴스(260311).hwp
2026-03-11,대학 [교육],1,"서울 외 의대, 정원 10% 이상 지역의사제로",연합뉴스TV,False,https://www.yonhapnewstv.co.kr/news/AKR20260310151726lBd,artifacts/hongbo_original_comparison/originals/오늘의주요뉴스/오늘의 주요 뉴스(260311).hwp
2026-03-11,대학 [교육],2,연간 신규 박사 2만명…학위 취득 이유 “전문성 제고”,이데일리,False,https://www.edaily.co.kr/News/Read?newsId=03145526645382008,artifacts/hongbo_original_comparison/originals/오늘의주요뉴스/오늘의 주요 뉴스(260311).hwp
2026-03-11,불교 [종단],1,"조계종복지재단, ‘제2회 우수 프로그램 사례 공모전’ 개최",법보신문,False,https://www.beopbo.com/news/articleView.html?idxno=334261,artifacts/hongbo_original_comparison/originals/오늘의주요뉴스/오늘의 주요 뉴스(260311).hwp
2026-03-11,불교 [종단],2,"봄꽃 만개 호남 템플스테이, 기차 타고 떠나볼까",현대불교,False,https://www.hyunbulnews.com/news/articleView.html?idxno=502348,artifacts/hongbo_original_comparison/originals/오늘의주요뉴스/오늘의 주요 뉴스(260311).hwp
2026-03-23,동국대 [법인/건학위],1,"동국대 불교동아리 지도교수·회장단 출범...""수계제자 만 명 향해""",BBS NEWS,True,"https://news.bbsi.co.kr/news/articleView.html?idxno=4073287
https://www.btnnews.tv/news/articleView.html?idxno=89342
https://www.beopbo.com/news/articleView.html?idxno=334470
https://www.hyunbulnews.com/news/articleView.html?idxno=502514
https://www.ibulgyo.com/news/articleView.html?idxno=436534",artifacts/hongbo_original_comparison/originals/오늘의주요뉴스/오늘의 주요 뉴스(260323).hwp
2026-03-23,동국대 [법인/건학위],2,"동국대, 4월30일 120주년 맞이 '한용운·서정주 시'의 가곡 공연",뉴스1,True,"https://www.news1.kr/society/education/6110062
https://www.beyondpost.co.kr/view.php?ud=20260319124522415392e75d13a3_30",artifacts/hongbo_original_comparison/originals/오늘의주요뉴스/오늘의 주요 뉴스(260323).hwp
2026-03-23,동국대 [법인/건학위],3,[불교문화연구원]‘호국불교’ 다시 묻다…전쟁과 폭력 속 불교의 선택은?,불교신문,False,https://www.ibulgyo.com/news/articleView.html?idxno=436541,artifacts/hongbo_original_comparison/originals/오늘의주요뉴스/오늘의 주요 뉴스(260323).hwp
2026-03-23,동국대 [법인/건학위],4,동국대 행정대학원 총동문회 ‘동행 산악회’ 정토사서 시산제...안전 산행 기원,BBS NEWS,False,https://news.bbsi.co.kr/news/articleView.html?idxno=4073460,artifacts/hongbo_original_comparison/originals/오늘의주요뉴스/오늘의 주요 뉴스(260323).hwp
2026-03-23,동국대 [법인/건학위],5,[동문소식 – 우성희(스포츠문화 23)] 동국대 우성희 “저희도 좋아졌기 때문에...”,점프볼,False,https://jumpball.co.kr/news/newsview.php?ncode=1065618112793444,artifacts/hongbo_original_comparison/originals/오늘의주요뉴스/오늘의 주요 뉴스(260323).hwp
2026-03-23,대학 [교육],1,"석사하며 병역 해결… 과기정통부, ‘국방 R&D’ 과학기술전문사관 석사생 25명 선발",한국대학신문,False,https://news.unn.net/news/articleView.html?idxno=590872,artifacts/hongbo_original_comparison/originals/오늘의주요뉴스/오늘의 주요 뉴스(260323).hwp
2026-03-23,불교 [종단],1,"“마음은 선명상, 세상은 대화합”…2026년 봉축표어 발표",법보신문,False,https://www.beopbo.com/news/articleView.html?idxno=334463,artifacts/hongbo_original_comparison/originals/오늘의주요뉴스/오늘의 주요 뉴스(260323).hwp
2026-03-25,동국대 [법인/건학위],1,"[동문소식 - 故김범수(경영 98)] ""몸으로 269명 구한 군인정신""...김범수賞, 위관장교 14명 수상",폴리뉴스,True,"https://www.polinews.co.kr/news/articleView.html?idxno=726412
https://www.edaily.co.kr/News/Read?newsId=04349286645386600",artifacts/hongbo_original_comparison/originals/오늘의주요뉴스/오늘의 주요 뉴스(260325).hwp
2026-03-25,동국대 [법인/건학위],2,"[김용현 교무부총장 출연] 지식의 맛, 인문학 레시피 – 2026, 북한을 다시보다",,True,"https://www.bbs.or.kr/HOME2/?ACT=REPLAY&pType=VOD&ProgramCode=2230&pIDX=399808
https://www.bbs.or.kr/HOME2/?ACT=REPLAY&pType=VOD&ProgramCode=2230&pIDX=400229",artifacts/hongbo_original_comparison/originals/오늘의주요뉴스/오늘의 주요 뉴스(260325).hwp
2026-03-25,동국대 [법인/건학위],3,"[출판문화원] 임규철 동국대 교수, 'AI 시대에 있어 개인정보 보호와 활용의 균형' 출간",뉴스프리존,True,"https://www.newsfreezone.co.kr/news/articleView.html?idxno=681531
https://www.kfenews.co.kr/news/articleView.html?idxno=655974",artifacts/hongbo_original_comparison/originals/오늘의주요뉴스/오늘의 주요 뉴스(260325).hwp
2026-03-25,동국대 [법인/건학위],4,"[대학농구] 쓰라린 역전패, 그러나 희망을 본 동국대의 4학년들",점프볼,False,https://jumpball.co.kr/news/newsview.php?ncode=1065578438547505,artifacts/hongbo_original_comparison/originals/오늘의주요뉴스/오늘의 주요 뉴스(260325).hwp
2026-03-25,대학 [교육],1,"로스쿨 입학생, 10명 중 8명 타 대학 출신, 법학 전공은 10명 중 1명",한국대학신문,False,https://news.unn.net/news/articleView.html?idxno=590995,artifacts/hongbo_original_comparison/originals/오늘의주요뉴스/오늘의 주요 뉴스(260325).hwp
2026-03-25,대학 [교육],2,"‘학령인구 감소’ 日도쿄대, ‘AI·창업’ 인재 많은 인도서 미래 찾는다",한국대학신문,False,https://news.unn.net/news/articleView.html?idxno=590928,artifacts/hongbo_original_comparison/originals/오늘의주요뉴스/오늘의 주요 뉴스(260325).hwp
2026-03-25,불교 [종단],1,가성비 미쳤다...단돈 3만원이면 전국 사찰 어디서든 템플스테이,불교신문,False,https://www.ibulgyo.com/news/articleView.html?idxno=436585,artifacts/hongbo_original_comparison/originals/오늘의주요뉴스/오늘의 주요 뉴스(260325).hwp
2026-03-25,불교 [종단],2,"성덕대왕신종, BTS와 만나다…종소리·문양, 음원·굿즈로 재해석",법보신문,False,https://www.beopbo.com/news/articleView.html?idxno=334477,artifacts/hongbo_original_comparison/originals/오늘의주요뉴스/오늘의 주요 뉴스(260325).hwp
2026-04-01,동국대 [법인/건학위],1,교육부 'AI 융합과정 운영대학'에 한양대·동국대 등 10곳,연합뉴스,False,https://www.yna.co.kr/view/AKR20260331081800530,artifacts/hongbo_original_comparison/originals/오늘의주요뉴스/오늘의 주요 뉴스(260401).hwp
2026-04-01,동국대 [법인/건학위],2,"동국대, 2026 서울지역 창업기업 현장소통 간담회 진행…서울지역 창업 거점으로 발돋움",한국금융경제신문,False,https://www.kfenews.co.kr/news/articleView.html?idxno=656295,artifacts/hongbo_original_comparison/originals/오늘의주요뉴스/오늘의 주요 뉴스(260401).hwp
2026-04-01,동국대 [법인/건학위],3,"동국대, 전국민 창업오디션 '모두의 창업' 서울/경기 권역 참가자 모집",베리타스알파,False,https://www.veritas-a.com/news/articleView.html?idxno=603891,artifacts/hongbo_original_comparison/originals/오늘의주요뉴스/오늘의 주요 뉴스(260401).hwp
2026-04-01,동국대 [법인/건학위],4,"동국대, 정성숙 국립정동극장 대표이사 석좌교수로 임용",국제뉴스,False,https://www.gukjenews.com/news/articleView.html?idxno=3544170,artifacts/hongbo_original_comparison/originals/오늘의주요뉴스/오늘의 주요 뉴스(260401).hwp
2026-04-01,동국대 [법인/건학위],5,"동국대 이주다문화통합연구소, 학술지 '다이버시티' 논문 공모",연합뉴스,False,https://www.yna.co.kr/view/AKR20260330113700371,artifacts/hongbo_original_comparison/originals/오늘의주요뉴스/오늘의 주요 뉴스(260401).hwp
2026-04-01,동국대 [법인/건학위],6,"동국대학교 듀이카, 재학생 대상 법회 봉행",더퍼블릭,False,https://www.thepublic.kr/news/articleView.html?idxno=299290,artifacts/hongbo_original_comparison/originals/오늘의주요뉴스/오늘의 주요 뉴스(260401).hwp
2026-04-01,대학 [교육],1,정원 감축 대학 10억 지원… 성과 평가는 강화,동아일보,False,https://www.donga.com/news/Society/article/all/20260331/133641114/2,artifacts/hongbo_original_comparison/originals/오늘의주요뉴스/오늘의 주요 뉴스(260401).hwp
2026-04-01,대학 [교육],2,"‘4단계 BK21 국회토론회’, 성과 공유 넘어 5단계 설계 논의 본격화",한국대학신문,False,https://news.unn.net/news/articleView.html?idxno=591164,artifacts/hongbo_original_comparison/originals/오늘의주요뉴스/오늘의 주요 뉴스(260401).hwp
2026-04-01,불교 [종단],1,"조계종, 불기2570년 부처님오신날 ‘불교의 달’ 캠페인 전개",불교신문,False,https://www.ibulgyo.com/news/articleView.html?idxno=436761,artifacts/hongbo_original_comparison/originals/오늘의주요뉴스/오늘의 주요 뉴스(260401).hwp
2026-04-01,불교 [종단],2,"동백꽃 아래서 열린 ‘나는 절로, 선운사’ …6커플 배출하며 회향",법보신문,False,https://www.beopbo.com/news/articleView.html?idxno=334626,artifacts/hongbo_original_comparison/originals/오늘의주요뉴스/오늘의 주요 뉴스(260401).hwp
2026-04-03,동국대 [법인/건학위],1,[윤재웅 총장 연재] 선재봇 이야기 <13> 봄 냄새,불교신문,False,https://www.ibulgyo.com/news/articleView.html?idxno=436935,artifacts/hongbo_original_comparison/originals/오늘의주요뉴스/오늘의 주요 뉴스(260403).hwp
2026-04-03,동국대 [법인/건학위],2,"동국대 경기RISE사업단-고양시경제인연합회, 지역경제 발전 및 산학협력 선순환 체계 구축을 위한 MOU 체결",베리타스알파,True,"https://www.veritas-a.com/news/articleView.html?idxno=604139
https://www.newsfreezone.co.kr/news/articleView.html?idxno=683167",artifacts/hongbo_original_comparison/originals/오늘의주요뉴스/오늘의 주요 뉴스(260403).hwp
2026-04-03,동국대 [법인/건학위],3,"동국대 의생명공학과 송예진 대학원생, '여대학원생 공학연구팀제 지원사업' 선정",베리타스알파,False,https://www.veritas-a.com/news/articleView.html?idxno=604313,artifacts/hongbo_original_comparison/originals/오늘의주요뉴스/오늘의 주요 뉴스(260403).hwp
2026-04-03,동국대 [법인/건학위],4,"[동문소식 – 심효섭(역사교육 86)] 가천박물관 심효섭 부관장, 신임 관장 임명",후생신보,False,https://www.whosaeng.com/169476,artifacts/hongbo_original_comparison/originals/오늘의주요뉴스/오늘의 주요 뉴스(260403).hwp
2026-04-03,대학 [교육],1,"교육부, 라이즈(RISE)→‘앵커’로 명칭 변경… 학생 체감형 사업으로 재편",한국대학신문,False,https://news.unn.net/news/articleView.html?idxno=591242,artifacts/hongbo_original_comparison/originals/오늘의주요뉴스/오늘의 주요 뉴스(260403).hwp
2026-04-03,대학 [교육],2,"과기정통부, ‘국내 글로벌 석학’ 20명 선발… 정년 이후 연구 계속 지원",한국대학신문,False,https://news.unn.net/news/articleView.html?idxno=591247,artifacts/hongbo_original_comparison/originals/오늘의주요뉴스/오늘의 주요 뉴스(260403).hwp
2026-04-03,불교 [종단],1,'힙한 불교' 넘어 이제는 '출가 관심'...서울국제불교박람회 개막,BBS NEWS,False,https://news.bbsi.co.kr/news/articleView.html?idxno=4075968,artifacts/hongbo_original_comparison/originals/오늘의주요뉴스/오늘의 주요 뉴스(260403).hwp
2026-04-03,불교 [종단],2,황룡사지 발굴조사 50주년 맞아 연이어 강좌 개최,불교신문,False,https://www.ibulgyo.com/news/articleView.html?idxno=436948,artifacts/hongbo_original_comparison/originals/오늘의주요뉴스/오늘의 주요 뉴스(260403).hwp
2026-04-06,동국대 [법인/건학위],1,"""부처님 인연 잇는 길""… 신뇨엔, 동국대에 한국불교 발전 위한 후원",BBS NEWS,True,"https://news.bbsi.co.kr/news/articleView.html?idxno=4076082
https://www.beopbo.com/news/articleView.html?idxno=334728
https://www.ibulgyo.com/news/articleView.html?idxno=437010",artifacts/hongbo_original_comparison/originals/오늘의주요뉴스/오늘의 주요 뉴스(260406).hwp
2026-04-06,동국대 [법인/건학위],2,"전병훈 동국대 서울RISE사업단 부단장, ""포텐 기업 발굴해 포텐 터트리는 것이 목표""",IT동아,False,https://it.donga.com/108664/,artifacts/hongbo_original_comparison/originals/오늘의주요뉴스/오늘의 주요 뉴스(260406).hwp
2026-04-06,동국대 [법인/건학위],3,"[만해연구소] 동국대, '님의 침묵' 손글씨 국민시집 공모 및 ‘2026 만해로드대장정’ 참가자 모집",이뉴스투데이,False,https://www.enewstoday.co.kr/news/articleView.html?idxno=2414746,artifacts/hongbo_original_comparison/originals/오늘의주요뉴스/오늘의 주요 뉴스(260406).hwp
2026-04-06,동국대 [법인/건학위],4,"[동문소식 – 박종삼(경찰행정 87)] 박종삼 전북경찰청 수사과장, '경찰의 별' 경무관 승진",뉴스1,False,https://www.news1.kr/local/jeonbuk/6124489,artifacts/hongbo_original_comparison/originals/오늘의주요뉴스/오늘의 주요 뉴스(260406).hwp
2026-04-06,동국대 [법인/건학위],5,[동문소식 – 김호승(경찰행정 87)] 충남경찰청장 김호승,동양일보,False,http://www.dynews.co.kr/news/articleView.html?idxno=845208,artifacts/hongbo_original_comparison/originals/오늘의주요뉴스/오늘의 주요 뉴스(260406).hwp
2026-04-06,대학 [교육],1,"과기정통부, 케이스타 비자 대학 27개교 선정",한국대학신문,False,https://news.unn.net/news/articleView.html?idxno=591244,artifacts/hongbo_original_comparison/originals/오늘의주요뉴스/오늘의 주요 뉴스(260406).hwp
2026-04-06,대학 [교육],2,10개 대학 강좌 시민에 무료 개방…서울 '구독대학',연합뉴스,False,https://www.yna.co.kr/view/AKR20260403149100004,artifacts/hongbo_original_comparison/originals/오늘의주요뉴스/오늘의 주요 뉴스(260406).hwp
2026-04-06,불교 [종단],1,"대화·왕래 끊긴 남북의 길…불교, 금강산 걷기로 복원",법보신문,False,https://www.beopbo.com/news/articleView.html?idxno=334707,artifacts/hongbo_original_comparison/originals/오늘의주요뉴스/오늘의 주요 뉴스(260406).hwp
2026-04-06,불교 [종단],2,"국립중앙박물관, 봉축 앞두고 안동 봉정사 괘불전",불교IN,False,https://www.bulgyo-in.com/news/articleView.html?idxno=2419,artifacts/hongbo_original_comparison/originals/오늘의주요뉴스/오늘의 주요 뉴스(260406).hwp
2026-04-07,동국대 [법인/건학위],1,"운문사 회주 명성스님, 동국대학교 로터스관 건립에 1억원 희사",BBS NEWS,False,https://news.bbsi.co.kr/news/articleView.html?idxno=4076692,artifacts/hongbo_original_comparison/originals/오늘의주요뉴스/오늘의 주요 뉴스(260407).hwp
2026-04-07,동국대 [법인/건학위],2,"‘공(空)놀이’ 열풍 속 서울국제불교박람회 폐막… 건학 120주년 동국대, 불교 미래가치 공유",BBS NEWS,False,https://news.bbsi.co.kr/news/articleView.html?idxno=4076309,artifacts/hongbo_original_comparison/originals/오늘의주요뉴스/오늘의 주요 뉴스(260407).hwp
2026-04-07,동국대 [법인/건학위],3,동국대-에이비솔루션 약학대학 업무협약 (MOU) 체결,베리타스알파,False,https://www.veritas-a.com/news/articleView.html?idxno=604722,artifacts/hongbo_original_comparison/originals/오늘의주요뉴스/오늘의 주요 뉴스(260407).hwp
2026-04-07,동국대 [법인/건학위],4,동국대 임수철 교수 Physical AI 분야 논문 발표,E동아,False,https://edu.donga.com/news/articleView.html?idxno=105836,artifacts/hongbo_original_comparison/originals/오늘의주요뉴스/오늘의 주요 뉴스(260407).hwp
2026-04-07,동국대 [법인/건학위],5,[동문소식 – 최관호(경찰행정 84)] 여수광양항만공사 사장에 최관호 전 서울경찰청장,현대해양,False,https://www.hdhy.co.kr/news/articleView.html?idxno=34156,artifacts/hongbo_original_comparison/originals/오늘의주요뉴스/오늘의 주요 뉴스(260407).hwp
2026-04-07,동국대 [법인/건학위],6,"[동문소식 – 김호승(경찰행정 87)] 김호승 신임 충남경찰청장 ""맞춤형 치안으로 신뢰받는 경찰""",연합뉴스,False,https://www.yna.co.kr/view/AKR20260406152800063,artifacts/hongbo_original_comparison/originals/오늘의주요뉴스/오늘의 주요 뉴스(260407).hwp
2026-04-07,대학 [교육],1,[유학생 30만시대 上] 중국 중심서 동남아로…베트남 급증,아시아투데이,False,https://www.asiatoday.co.kr/kn/view.php?key=20260405010001321,artifacts/hongbo_original_comparison/originals/오늘의주요뉴스/오늘의 주요 뉴스(260407).hwp
2026-04-07,대학 [교육],2,"지식재산처, 2026 캠퍼스 특허 유니버시아드 참가 접수",이데일리,False,https://www.edaily.co.kr/News/Read?newsId=02873286645413496,artifacts/hongbo_original_comparison/originals/오늘의주요뉴스/오늘의 주요 뉴스(260407).hwp
2026-04-07,대학 [교육],3,"확 바뀌는 고2 대입, 대학별 입시계획 공개 임박…""학생부 강화 대세""",뉴스1,False,https://www.news1.kr/society/education/6124940,artifacts/hongbo_original_comparison/originals/오늘의주요뉴스/오늘의 주요 뉴스(260407).hwp
2026-04-07,불교 [종단],1,[2026 서울 선명상축제] 반려견과 함께한 선명상,현대불교,False,https://www.hyunbulnews.com/news/articleView.html?idxno=502733,artifacts/hongbo_original_comparison/originals/오늘의주요뉴스/오늘의 주요 뉴스(260407).hwp
2026-04-07,불교 [종단],2,BTS 새 앨범에 성덕대왕신종 범음(梵音) 담았다,불교신문,False,https://www.ibulgyo.com/news/articleView.html?idxno=437052,artifacts/hongbo_original_comparison/originals/오늘의주요뉴스/오늘의 주요 뉴스(260407).hwp
2026-04-13,동국대 [법인/건학위],1,"[윤재웅 총장 연재] 선재봇 이야기 <14> 남도의 봄밤, 별하늘 아래서",불교신문,False,https://www.ibulgyo.com/news/articleView.html?idxno=437088,artifacts/hongbo_original_comparison/originals/오늘의주요뉴스/오늘의 주요 뉴스(260413).hwp
2026-04-13,동국대 [법인/건학위],2,"동국대, '4·19혁명 추모식' 진행…희생 동문 35명에 헌화",뉴시스,True,"https://www.newsis.com/view/NISX20260410_0003586671
https://www.beopbo.com/news/articleView.html?idxno=334846
https://news.bbsi.co.kr/news/articleView.html?idxno=4077586",artifacts/hongbo_original_comparison/originals/오늘의주요뉴스/오늘의 주요 뉴스(260413).hwp
2026-04-13,동국대 [법인/건학위],3,"건학 120주년 기념, 종립 동국대학교 '부산 동국인의 밤' 개최",BBS NEWS,True,"https://news.bbsi.co.kr/news/articleView.html?idxno=4077525
https://www.hyunbulnews.com/news/articleView.html?idxno=502817",artifacts/hongbo_original_comparison/originals/오늘의주요뉴스/오늘의 주요 뉴스(260413).hwp
2026-04-13,동국대 [법인/건학위],4,동국대생 10명 중 3명 '부처님 법 전하고 있다',BBS NEWS,False,https://news.bbsi.co.kr/news/articleView.html?idxno=4075696,artifacts/hongbo_original_comparison/originals/오늘의주요뉴스/오늘의 주요 뉴스(260413).hwp
2026-04-13,동국대 [법인/건학위],5,"[동문소식 – 권노갑(경제 49), 최형우(정치 57)] 동국대, 4월 17일 권노갑-최형우 강의실 현판 제막식",월간조선,False,https://monthly.chosun.com/client/mdaily/daily_view.asp?idx=24117&Newsnumb=20260424117,artifacts/hongbo_original_comparison/originals/오늘의주요뉴스/오늘의 주요 뉴스(260413).hwp
2026-04-13,대학 [교육],1,"정부, 외국인 유학생 관리 부실대학 점검",동아일보,False,https://www.donga.com/news/Society/article/all/20260409/133707617/1,artifacts/hongbo_original_comparison/originals/오늘의주요뉴스/오늘의 주요 뉴스(260413).hwp
2026-04-13,대학 [교육],2,사설 대입 컨설팅 AI 서비스 붐… 정부 ‘AI 챗봇’ 맞불,국민일보,False,https://www.kmib.co.kr/article/view.asp?arcid=1775551609&code=11131300,artifacts/hongbo_original_comparison/originals/오늘의주요뉴스/오늘의 주요 뉴스(260413).hwp
2026-04-13,불교 [종단],1,불교 ‘3無 현상’ 뚜렷…‘생활 신행’ 전환 필요,현대불교,False,https://www.hyunbulnews.com/news/articleView.html?idxno=502800,artifacts/hongbo_original_comparison/originals/오늘의주요뉴스/오늘의 주요 뉴스(260413).hwp
2026-04-13,불교 [종단],2,[2026 서울 선명상축제] ‘마음처방전’으로 들여다본 내면의 풍경,현대불교,False,https://www.hyunbulnews.com/news/articleView.html?idxno=502771,artifacts/hongbo_original_comparison/originals/오늘의주요뉴스/오늘의 주요 뉴스(260413).hwp
2026-04-17,동국대 [법인/건학위],1,[윤재웅 총장 연재] 선재봇 이야기 <15> 왁자지껄 유튜브,불교신문,False,https://www.ibulgyo.com/news/articleView.html?idxno=437455,artifacts/hongbo_original_comparison/originals/오늘의주요뉴스/오늘의 주요 뉴스(260417).hwp
2026-04-17,동국대 [법인/건학위],2,"동국대, 권노갑 김대중재단 이사장·최형우 김영삼민주센터 명예이사장 강의실 현판식 개최",E동아,False,https://edu.donga.com/news/articleView.html?idxno=106388,artifacts/hongbo_original_comparison/originals/오늘의주요뉴스/오늘의 주요 뉴스(260417).hwp
2026-04-17,동국대 [법인/건학위],3,"동국대, 건학 120주년 맞아 윤리학자 피터 싱어 초청 강연",서울경제,True,"https://www.sedaily.com/article/20033437
https://www.newsis.com/view/NISX20260416_0003594404",artifacts/hongbo_original_comparison/originals/오늘의주요뉴스/오늘의 주요 뉴스(260417).hwp
2026-04-17,동국대 [법인/건학위],4,동국대 고용노동부 'AI 캠퍼스' 운영기관 선정,베리타스알파,False,https://www.veritas-a.com/news/articleView.html?idxno=606240,artifacts/hongbo_original_comparison/originals/오늘의주요뉴스/오늘의 주요 뉴스(260417).hwp
2026-04-17,동국대 [법인/건학위],5,"배움이 기부로…동국대 동문, 120시간 재능기부 AI 무료특강",연합뉴스,False,https://www.yna.co.kr/view/AKR20260416050800004,artifacts/hongbo_original_comparison/originals/오늘의주요뉴스/오늘의 주요 뉴스(260417).hwp
2026-04-17,대학 [교육],1,"서울 라이즈(RISE), 추가 공모… “대학 자원, 산업현장 즉각 활용”",한국대학신문,False,https://news.unn.net/news/articleView.html?idxno=591757,artifacts/hongbo_original_comparison/originals/오늘의주요뉴스/오늘의 주요 뉴스(260417).hwp
2026-04-17,대학 [교육],2,"정부, 전략기술 박사급 연구인력 산학연 연계… 올해 13개 컨소시엄 선정",한국대학신문,False,https://news.unn.net/news/articleView.html?idxno=591636,artifacts/hongbo_original_comparison/originals/오늘의주요뉴스/오늘의 주요 뉴스(260417).hwp
2026-04-17,불교 [종단],1,선운사 세 지장보살상 한자리 모인다…불교중앙박물관 특별전,연합뉴스,False,https://www.yna.co.kr/view/AKR20260416046400005,artifacts/hongbo_original_comparison/originals/오늘의주요뉴스/오늘의 주요 뉴스(260417).hwp
2026-04-23,동국대 [법인/건학위],1,[건학120주년 - 목멱 가곡의 밤] 시 ‘국화 옆에서’ 가곡으로… 강석우가 곡 붙였다,문화일보,False,https://www.munhwa.com/article/11584131,artifacts/hongbo_original_comparison/originals/오늘의주요뉴스/오늘의 주요 뉴스(260423).hwp
2026-04-23,동국대 [법인/건학위],2,"동국대, 한국불교 최초 '로봇 연비·수계'‥법명은 '선아'",BTN,True,"https://www.btnnews.tv/news/articleView.html?idxno=89778
https://news.bbsi.co.kr/news/articleView.html?idxno=4079977
https://www.hyunbulnews.com/news/articleView.html?idxno=502984",artifacts/hongbo_original_comparison/originals/오늘의주요뉴스/오늘의 주요 뉴스(260423).hwp
2026-04-23,동국대 [법인/건학위],3,"조계종사회복지재단-동국대, 불교사회복지 인재 양성 위해 맞손",BBS NEWS,True,"https://news.bbsi.co.kr/news/articleView.html?idxno=4079867
https://www.beopbo.com/news/articleView.html?idxno=335053",artifacts/hongbo_original_comparison/originals/오늘의주요뉴스/오늘의 주요 뉴스(260423).hwp
2026-04-23,동국대 [법인/건학위],4,동국대 산학협력단 모두의 창업 사업설명회 개최,파이낸셜뉴스,True,"https://www.fnnews.com/news/202604221459413187
https://www.newsis.com/view/NISX20260422_0003601954
https://www.news1.kr/society/education/6145289",artifacts/hongbo_original_comparison/originals/오늘의주요뉴스/오늘의 주요 뉴스(260423).hwp
2026-04-23,동국대 [법인/건학위],5,"동국대, 파크골프 선수단 창단 시동…레저로와 협약 체결",서울경제,False,https://www.sedaily.com/article/20035651,artifacts/hongbo_original_comparison/originals/오늘의주요뉴스/오늘의 주요 뉴스(260423).hwp
2026-04-23,대학 [교육],1,‘유학 불법브로커’ 한국 교육 신뢰와 직결… 정부 차원 핀셋 관리 절실,한국대학신문,False,https://news.unn.net/news/articleView.html?idxno=591939,artifacts/hongbo_original_comparison/originals/오늘의주요뉴스/오늘의 주요 뉴스(260423).hwp
2026-04-23,불교 [종단],1,“취업난에 번뇌 씻으러 왔어요” 18만 MZ가 합장한 불교박람회,월간중앙,False,https://www.m-joongang.com/news/articleView.html?idxno=402401,artifacts/hongbo_original_comparison/originals/오늘의주요뉴스/오늘의 주요 뉴스(260423).hwp
2026-04-23,불교 [종단],2,"조계종, 2026년 상반기 행자입문 교육",현대불교,False,https://www.hyunbulnews.com/news/articleView.html?idxno=502960,artifacts/hongbo_original_comparison/originals/오늘의주요뉴스/오늘의 주요 뉴스(260423).hwp
2026-04-24,동국대 [법인/건학위],1,[윤재웅 총장 연재] 선재봇 이야기 <16> 전생 이야기,불교신문,False,https://www.ibulgyo.com/news/articleView.html?idxno=437599,artifacts/hongbo_original_comparison/originals/오늘의주요뉴스/오늘의 주요 뉴스(260424).hwp
2026-04-24,동국대 [법인/건학위],2,"동국대, 중기부 '특화역량 창업보육센터 지원사업' 선정",뉴시스,True,"https://www.newsis.com/view/NISX20260423_0003603702
https://www.etnews.com/20260423000259",artifacts/hongbo_original_comparison/originals/오늘의주요뉴스/오늘의 주요 뉴스(260424).hwp
2026-04-24,동국대 [법인/건학위],3,동국대 건학 120주년 기념 '피터 싱어 초청 강연회' 성황리 개최,베리타스알파,False,https://www.veritas-a.com/news/articleView.html?idxno=607206,artifacts/hongbo_original_comparison/originals/오늘의주요뉴스/오늘의 주요 뉴스(260424).hwp
2026-04-24,동국대 [법인/건학위],4,"동국대·조계종사회복지재단, 미래인재양성 MOU",BTN,False,https://www.btnnews.tv/news/articleView.html?idxno=89798,artifacts/hongbo_original_comparison/originals/오늘의주요뉴스/오늘의 주요 뉴스(260424).hwp
2026-04-24,동국대 [법인/건학위],5,"해병대사령부-동국대, 국방 AI 기술 개발 및 교육 위한 교류회의 개최",디지털데일리,False,https://www.ddaily.co.kr/page/view/2026042317335332546,artifacts/hongbo_original_comparison/originals/오늘의주요뉴스/오늘의 주요 뉴스(260424).hwp
2026-04-24,동국대 [법인/건학위],6,"동국대, 120주년 기념 ‘템플스테이’로 치유와 성찰의 장 열다",이뉴스투데이,False,https://www.enewstoday.co.kr/news/articleView.html?idxno=2422601,artifacts/hongbo_original_comparison/originals/오늘의주요뉴스/오늘의 주요 뉴스(260424).hwp
2026-04-24,대학 [교육],1,"교육부·대교협, 대학 AI 기본교육과정 개발 사업 20개교 선정",연합뉴스,False,https://www.yna.co.kr/view/AKR20260423086600530,artifacts/hongbo_original_comparison/originals/오늘의주요뉴스/오늘의 주요 뉴스(260424).hwp
2026-04-24,불교 [종단],1,"'역사 바로 세우기' 주어사지 안내판 교체 1주년, 종교 간 평화와 상생 되새기다",법보신문,False,https://www.beopbo.com/news/articleView.html?idxno=335074,artifacts/hongbo_original_comparison/originals/오늘의주요뉴스/오늘의 주요 뉴스(260424).hwp
2026-04-24,불교 [종단],2,조선 전기 동종 완성작 ‘봉선사 동종’ 국보됐다,불교IN,False,https://www.bulgyo-in.com/news/articleView.html?idxno=2499,artifacts/hongbo_original_comparison/originals/오늘의주요뉴스/오늘의 주요 뉴스(260424).hwp
2026-04-27,동국대 [법인/건학위],1,동국대 AI 로봇 ‘리쿠’도 수계,불교신문,False,https://www.ibulgyo.com/news/articleView.html?idxno=437698,artifacts/hongbo_original_comparison/originals/오늘의주요뉴스/오늘의 주요 뉴스(260427).hwpx
2026-04-27,동국대 [법인/건학위],2,"동국대, 해병대와 '국방 AI 기술 개발·교육 교류회의' 개최",블로터,False,https://www.bloter.net/news/articleView.html?idxno=660583,artifacts/hongbo_original_comparison/originals/오늘의주요뉴스/오늘의 주요 뉴스(260427).hwpx
2026-04-27,동국대 [법인/건학위],3,영천 선화여고 ‘세팍타크로 전용구장 개관’,불교신문,False,https://www.ibulgyo.com/news/articleView.html?idxno=437704,artifacts/hongbo_original_comparison/originals/오늘의주요뉴스/오늘의 주요 뉴스(260427).hwpx
2026-04-27,동국대 [법인/건학위],4,"[동문소식 – 황규태(정치 57)] '87세의 청년사진가' 황규태, 이미지 홍수속 사진의 의미와 가능성을 묻다",뉴스핌,False,https://www.newspim.com/news/view/20260425000097,artifacts/hongbo_original_comparison/originals/오늘의주요뉴스/오늘의 주요 뉴스(260427).hwpx
2026-04-27,동국대 [법인/건학위],5,[동문소식 – 강소라(연극 08)] 강소라 “동국대 졸업 못 해…데뷔 후 너무 바빴다”,헤럴드경제,False,https://biz.heraldcorp.com/article/10725499,artifacts/hongbo_original_comparison/originals/오늘의주요뉴스/오늘의 주요 뉴스(260427).hwpx
2026-04-27,대학 [교육],1,"교육부·과기정통부, AI 인재양성 전담팀(TF) 출범… 부처 협력 본격화",한국대학신문,False,https://news.unn.net/news/articleView.html?idxno=592041,artifacts/hongbo_original_comparison/originals/오늘의주요뉴스/오늘의 주요 뉴스(260427).hwpx
2026-04-27,대학 [교육],2,英 명문 옥스퍼드대에 '한국학 센터' 10월에 문열어,국제신문,False,https://www.kookje.co.kr/news2011/asp/newsbody.asp?key=20260425.99099007142,artifacts/hongbo_original_comparison/originals/오늘의주요뉴스/오늘의 주요 뉴스(260427).hwpx
2026-04-27,불교 [종단],1,‘황룡사지 출토’ 공예·생활용구 최초 공개된다,현대불교,False,https://www.hyunbulnews.com/news/articleView.html?idxno=503042,artifacts/hongbo_original_comparison/originals/오늘의주요뉴스/오늘의 주요 뉴스(260427).hwpx
2026-04-27,불교 [종단],2,부처님오신날 앞서 열리는 ‘호기놀이’ 아세요?,불교신문,False,https://www.ibulgyo.com/news/articleView.html?idxno=437705,artifacts/hongbo_original_comparison/originals/오늘의주요뉴스/오늘의 주요 뉴스(260427).hwpx
2026-04-28,동국대 [법인/건학위],1,"동국대, 2028학년도 대입전형 ‘수시 70%·정시 30%’ 확정",대학저널,True,"https://dhnews.co.kr/news/view/1065572718953690
https://www.newsis.com/view/NISX20260427_0003607520",artifacts/hongbo_original_comparison/originals/오늘의주요뉴스/오늘의 주요 뉴스(260428).hwpx
2026-04-28,동국대 [법인/건학위],2,"동국대–KAIST(한국과학기술원)–중앙대 컨소시엄, ‘차세대 ESS 글로벌 혁신 인재 양성 사업’ 선정",교수신문,True,"https://www.kyosu.net/news/articleView.html?idxno=204881
https://edu.donga.com/news/articleView.html?idxno=106868
https://www.newsis.com/view/NISX20260428_0003608914",artifacts/hongbo_original_comparison/originals/오늘의주요뉴스/오늘의 주요 뉴스(260428).hwpx
2026-04-28,동국대 [법인/건학위],3,"서울 화계사, 동국대 한국어교육원 학생 대상 템플스테이",법보신문,False,https://www.beopbo.com/news/articleView.html?idxno=335149,artifacts/hongbo_original_comparison/originals/오늘의주요뉴스/오늘의 주요 뉴스(260428).hwpx
2026-04-28,동국대 [법인/건학위],4,"동국대, 제18차 종립대학총장협의회‥ 대학 당면과제 공유",BTN,False,https://www.btnnews.tv/news/articleView.html?idxno=89824,artifacts/hongbo_original_comparison/originals/오늘의주요뉴스/오늘의 주요 뉴스(260428).hwpx
2026-04-28,대학 [교육],1,"교육부·카카오·대교협 업무협약 ""대학 AI교육 혁신 지원""",연합뉴스,False,https://www.yna.co.kr/view/AKR20260428030400530,artifacts/hongbo_original_comparison/originals/오늘의주요뉴스/오늘의 주요 뉴스(260428).hwpx
2026-04-28,불교 [종단],1,도심 키즈카페서 열린 이색 수계식… ‘제1회 밝은마음 어린이 수계대법회·미술대회’ 성료,BBS NEWS,False,https://news.bbsi.co.kr/news/articleView.html?idxno=4080526,artifacts/hongbo_original_comparison/originals/오늘의주요뉴스/오늘의 주요 뉴스(260428).hwpx
2026-04-28,불교 [종단],2,수행자의 첫걸음 ... 조계종 올해 상반기 행자 34명 입교,BBS NEWS,False,https://news.bbsi.co.kr/news/articleView.html?idxno=4080662,artifacts/hongbo_original_comparison/originals/오늘의주요뉴스/오늘의 주요 뉴스(260428).hwpx
2026-04-30,동국대 [법인/건학위],1,"윤재웅 동국대 총장, “학생-교직원 AI 도구 8개 무료 이용… 전공 추천-진로 진단에 활용”",동아일보,False,https://www.donga.com/news/Society/article/all/20260429/133837552/2,artifacts/hongbo_original_comparison/originals/오늘의주요뉴스/오늘의 주요 뉴스(260430).hwpx
2026-04-30,동국대 [법인/건학위],2,‘1만4천 연등’ 동국대 장엄… 5개국 대사 “뷰티풀”,현대불교,True,https://www.hyunbulnews.com/news/articleView.html?idxno=503111,artifacts/hongbo_original_comparison/originals/오늘의주요뉴스/오늘의 주요 뉴스(260430).hwpx
2026-04-30,동국대 [법인/건학위],3,동국대 건학위 5주년...청년 불자 1만 명 수계 등 120개 중점 사업 발표,BBS NEWS,True,"https://news.bbsi.co.kr/news/articleView.html?idxno=4081184
https://www.beopbo.com/news/articleView.html?idxno=335192
https://www.btnnews.tv/news/articleView.html?idxno=89894
https://www.hyunbulnews.com/news/articleView.html?idxno=503100",artifacts/hongbo_original_comparison/originals/오늘의주요뉴스/오늘의 주요 뉴스(260430).hwpx
2026-04-30,동국대 [법인/건학위],4,"동국대, 2026학년도 1학기 염동원장학 수여",BTN,False,https://www.btnnews.tv/news/articleView.html?idxno=89893,artifacts/hongbo_original_comparison/originals/오늘의주요뉴스/오늘의 주요 뉴스(260430).hwpx
2026-04-30,동국대 [법인/건학위],5,"동국대 바이오헬스의료기기규제과학과, ""규제과학 인재의 산실이 된 동국대, AI 의료기기 인재라인 완성""",히트뉴스,False,https://www.hitnews.co.kr/news/articleView.html?idxno=75806,artifacts/hongbo_original_comparison/originals/오늘의주요뉴스/오늘의 주요 뉴스(260430).hwpx
2026-04-30,대학 [교육],1,"서울시, 대학 기숙사 건립 시 용도지역 상향 등 인센티브",연합뉴스,False,https://www.yna.co.kr/view/AKR20260429149300004,artifacts/hongbo_original_comparison/originals/오늘의주요뉴스/오늘의 주요 뉴스(260430).hwpx
2026-04-30,대학 [교육],2,전과 시험 문제 미리 공개·졸업 심사 홀로 진행한 교수 '유죄',연합뉴스,False,https://www.yna.co.kr/view/AKR20260429156900063,artifacts/hongbo_original_comparison/originals/오늘의주요뉴스/오늘의 주요 뉴스(260430).hwpx
2026-05-04,동국대 [법인/건학위],1,[윤재웅 총장 연재] 선재봇 이야기 <17> 들썩들썩 중생장터,불교신문,False,https://www.ibulgyo.com/news/articleView.html?idxno=437838,artifacts/hongbo_original_comparison/originals/오늘의주요뉴스/오늘의 주요 뉴스(260504) (1).hwpx
2026-05-04,동국대 [법인/건학위],2,캠퍼스를 가득 채운 자비와 평화...동국대 1만4천개 연등 불 밝혀,BBS NEWS,True,"https://news.bbsi.co.kr/news/articleView.html?idxno=4081497
https://www.btnnews.tv/news/articleView.html?idxno=89911",artifacts/hongbo_original_comparison/originals/오늘의주요뉴스/오늘의 주요 뉴스(260504) (1).hwpx
2026-05-04,동국대 [법인/건학위],3,"김포 연운사, 동국대 김포지역 미래불자 육성에 힘 보태",BBS NEWS,True,"https://news.bbsi.co.kr/news/articleView.html?idxno=4081465
https://www.btnnews.tv/news/articleView.html?idxno=89940",artifacts/hongbo_original_comparison/originals/오늘의주요뉴스/오늘의 주요 뉴스(260504) (1).hwpx
2026-05-04,동국대 [법인/건학위],4,"동국대, 건학 120주년 기념 근속상·공로상 시상",BTN,True,"https://www.btnnews.tv/news/articleView.html?idxno=89931
https://news.bbsi.co.kr/news/articleView.html?idxno=4081440",artifacts/hongbo_original_comparison/originals/오늘의주요뉴스/오늘의 주요 뉴스(260504) (1).hwpx
2026-05-04,동국대 [법인/건학위],5,"동국대·항저우불학원, 한·중 불교미술 교류전 ‘불법동원’ 개최",법보신문,False,https://www.beopbo.com/news/articleView.html?idxno=335209,artifacts/hongbo_original_comparison/originals/오늘의주요뉴스/오늘의 주요 뉴스(260504) (1).hwpx
2026-05-04,동국대 [법인/건학위],6,"노소영 나비 관장, 동국대 특강 성료… ""AI 기술 이끄는 인간윤리 회복해야""",뉴데일리,False,https://biz.newdaily.co.kr/site/data/html/2026/05/01/2026050100038.html,artifacts/hongbo_original_comparison/originals/오늘의주요뉴스/오늘의 주요 뉴스(260504) (1).hwpx
2026-05-04,대학 [교육],1,"교육부, 2026 대학정보공시 발표… 일반대 67.7% 등록금 인상, 평균 등록금 727만 원",한국대학신문,False,https://news.unn.net/news/articleView.html?idxno=592147,artifacts/hongbo_original_comparison/originals/오늘의주요뉴스/오늘의 주요 뉴스(260504) (1).hwpx
2026-05-04,대학 [교육],2,2028학년도 대학 모집인원 34만 8789명… 수시 80.8% ‘역대 최고’,한국대학신문,False,https://news.unn.net/news/articleView.html?idxno=592206,artifacts/hongbo_original_comparison/originals/오늘의주요뉴스/오늘의 주요 뉴스(260504) (1).hwpx
2026-05-04,대학 [교육],3,변시 합격률 87.1%→50.9%로 반토막,한국대학신문,False,https://news.unn.net/news/articleView.html?idxno=592111,artifacts/hongbo_original_comparison/originals/오늘의주요뉴스/오늘의 주요 뉴스(260504) (1).hwpx
2026-05-04,불교 [종단],1,"""거지맵 따라왔냐고요?""… 청년들 '절밥 오픈런' 진짜 이유",뉴시스,False,https://www.newsis.com/view/NISX20260429_0003611709,artifacts/hongbo_original_comparison/originals/오늘의주요뉴스/오늘의 주요 뉴스(260504) (1).hwpx
2026-05-04,불교 [종단],2,가평 현등사 극락전 등 소외됐던 불교 건축유산 10건 보물된다,뉴시스,False,https://www.newsis.com/view/NISX20260430_0003612980,artifacts/hongbo_original_comparison/originals/오늘의주요뉴스/오늘의 주요 뉴스(260504) (1).hwpx
2026-05-12,동국대 [법인/건학위],1,"동국대, '만해 한용운' 기념행사 성료",뉴데일리,True,"https://biz.newdaily.co.kr/site/data/html/2026/05/11/2026051100270.html
https://www.seoulfn.com/news/articleView.html?idxno=628461
https://www.ibulgyo.com/news/articleView.html?idxno=438181",artifacts/hongbo_original_comparison/originals/오늘의주요뉴스/오늘의 주요 뉴스(260512).hwpx
2026-05-12,동국대 [법인/건학위],2,동국대 경기RISE사업단 'AI 에이전트 활용 교육과정' 무료 운영,베리타스알파,False,https://www.veritas-a.com/news/articleView.html?idxno=609483,artifacts/hongbo_original_comparison/originals/오늘의주요뉴스/오늘의 주요 뉴스(260512).hwpx
2026-05-12,동국대 [법인/건학위],3,"[동문소식 – 천영민(연극 15)] 공백기 깬 천영민, '닥터신' 임성한 작가가 발견한 '역대급 빌런'",스타뉴스,False,https://www.starnewskorea.com/broadcast-drama/2026/05/09/2026050814204978653,artifacts/hongbo_original_comparison/originals/오늘의주요뉴스/오늘의 주요 뉴스(260512).hwpx
2026-05-12,동국대 [법인/건학위],4,"[동문소식 – 우성희(스포츠문화 23)] 드디어 재능 꽃피우는 우성희 “이상백배 대표 선발, 신나고 설렌다”",점프볼,False,https://jumpball.co.kr/news/newsview.php?ncode=1065624633023874,artifacts/hongbo_original_comparison/originals/오늘의주요뉴스/오늘의 주요 뉴스(260512).hwpx
2026-05-12,대학 [교육],1,"""올해 들어 벌써 3곳""…잠잠했던 교육부 사립대 감사, 다시 강화되나",뉴스1,False,https://www.news1.kr/society/education/6162990,artifacts/hongbo_original_comparison/originals/오늘의주요뉴스/오늘의 주요 뉴스(260512).hwpx
2026-05-12,대학 [교육],2,대학원생 17년간 3.7만명 늘었지만… 증가분 74%는 외국인,한국대학신문,False,https://news.unn.net/news/articleView.html?idxno=592349,artifacts/hongbo_original_comparison/originals/오늘의주요뉴스/오늘의 주요 뉴스(260512).hwpx
2026-05-12,불교 [종단],1,"“AI로봇이 수계했다”…가비, 전 세계 언론 장식",법보신문,False,https://www.beopbo.com/news/articleView.html?idxno=335404,artifacts/hongbo_original_comparison/originals/오늘의주요뉴스/오늘의 주요 뉴스(260512).hwpx
2026-05-12,불교 [종단],2,서울 한복판에 나타난 석굴암… 명동 거리 발길 멈추게 한 ‘천년의 불국토’,법보신문,False,https://www.beopbo.com/news/articleView.html?idxno=335376,artifacts/hongbo_original_comparison/originals/오늘의주요뉴스/오늘의 주요 뉴스(260512).hwpx
2026-05-13,동국대 [법인/건학위],1,"진관사, 동국대 ‘지역미래불자’ 장학금 1000만 원",BTN,False,https://news.bbsi.co.kr/news/articleView.html?idxno=4083164,artifacts/hongbo_original_comparison/originals/오늘의주요뉴스/오늘의 주요 뉴스(260513).hwpx
2026-05-13,동국대 [법인/건학위],2,"컴퓨터·AI학부 임상수 교수팀, 바이오 멀티모달 파운데이션 모델 구축사업 선정",,False,https://www.dongguk.edu/article/ACARESE/detail/26764708,artifacts/hongbo_original_comparison/originals/오늘의주요뉴스/오늘의 주요 뉴스(260513).hwpx
2026-05-13,동국대 [법인/건학위],3,"'스마트폰 없는 한나절' ...동국대, 천막 속 침묵 ‘청년 무문관 하루 수행’",BBS NEWS,True,"https://news.bbsi.co.kr/news/articleView.html?idxno=4083119
https://www.btnnews.tv/news/articleView.html?idxno=90063",artifacts/hongbo_original_comparison/originals/오늘의주요뉴스/오늘의 주요 뉴스(260513).hwpx
2026-05-13,동국대 [법인/건학위],4,"동국대 행정대학원 총동문회, 남산 단합대회 개최",법보신문,True,"https://www.beopbo.com/news/articleView.html?idxno=335418
https://news.bbsi.co.kr/news/articleView.html?idxno=4083219",artifacts/hongbo_original_comparison/originals/오늘의주요뉴스/오늘의 주요 뉴스(260513).hwpx
2026-05-13,대학 [교육],1,"사립대 총장들, 14일 '등록금 규제 헌법소원' 발표…법적 대응 본격화",뉴스1,False,https://www.news1.kr/society/education/6164385,artifacts/hongbo_original_comparison/originals/오늘의주요뉴스/오늘의 주요 뉴스(260513).hwpx
2026-05-13,대학 [교육],2,"교육부, 앵커 체계 연차점검 실시… 17개 시도 전수 점검·등급제 도입",한국대학신문,False,https://news.unn.net/news/articleView.html?idxno=592430,artifacts/hongbo_original_comparison/originals/오늘의주요뉴스/오늘의 주요 뉴스(260513).hwpx
2026-05-13,불교 [종단],1,‘유네스코 문화유산’ 연등회 16~17일 개최…서울 시내 교통통제,KBS,False,https://news.kbs.co.kr/news/pc/view/view.do?ncd=8559428,artifacts/hongbo_original_comparison/originals/오늘의주요뉴스/오늘의 주요 뉴스(260513).hwpx
2026-05-13,불교 [종단],2,"불교중앙박물관, 특별전 연계 불교문화강좌 개최",법보신문,False,https://www.beopbo.com/news/articleView.html?idxno=335416,artifacts/hongbo_original_comparison/originals/오늘의주요뉴스/오늘의 주요 뉴스(260513).hwpx
2026-05-14,동국대 [법인/건학위],1,"정우 대종사, 동국대 지역인재 육성에 힘 보태",BTN,True,"https://www.btnnews.tv/news/articleView.html?idxno=90080
https://www.beopbo.com/news/articleView.html?idxno=335451
https://www.hyunbulnews.com/news/articleView.html?idxno=503364
https://www.ibulgyo.com/news/articleView.html?idxno=438274",artifacts/hongbo_original_comparison/originals/오늘의주요뉴스/오늘의 주요 뉴스(260514).hwpx
2026-05-14,동국대 [법인/건학위],2,"동국대, 'AI 에이전트 활용' 무료 교육과정 운영",뉴시스,False,https://www.newsis.com/view/NISX20260513_0003627826,artifacts/hongbo_original_comparison/originals/오늘의주요뉴스/오늘의 주요 뉴스(260514).hwpx
2026-05-14,동국대 [법인/건학위],3,"우면종합사회복지관-동국대 불교대학원 총동림동문회, '자비행' 실천",BBS NEWS,False,https://news.bbsi.co.kr/news/articleView.html?idxno=4083499,artifacts/hongbo_original_comparison/originals/오늘의주요뉴스/오늘의 주요 뉴스(260514).hwpx
2026-05-14,동국대 [법인/건학위],4,"동국대 2027대입 정보공유 세미나 ‘Dream on-air’.. 22일, 내달 16일/22일 ‘총 3회’",베리타스알파,False,https://www.veritas-a.com/news/articleView.html?idxno=609721,artifacts/hongbo_original_comparison/originals/오늘의주요뉴스/오늘의 주요 뉴스(260514).hwpx
2026-05-14,대학 [교육],1,"“앵커(ANCHOR) 연차점검 어떻게”… 교육부, ‘수평적 협업‧전략적 투자‧성과기반 환류’에 초점",한국대학신문,False,https://news.unn.net/news/articleView.html?idxno=592498,artifacts/hongbo_original_comparison/originals/오늘의주요뉴스/오늘의 주요 뉴스(260514).hwpx
2026-05-14,대학 [교육],2,"2028학년도 지역의사 전형, 수시로 94% 선발",동아일보,False,https://www.donga.com/news/Society/article/all/20260514/133918421/2,artifacts/hongbo_original_comparison/originals/오늘의주요뉴스/오늘의 주요 뉴스(260514).hwpx
2026-05-14,불교 [종단],1,"조계종 종정예하 성파 대종사 봉축법어 “대립과 갈등, 화합으로 치유”",BTN,False,https://www.btnnews.tv/news/articleView.html?idxno=90087,artifacts/hongbo_original_comparison/originals/오늘의주요뉴스/오늘의 주요 뉴스(260514).hwpx
2026-05-14,불교 [종단],2,이번 주말 2026 연등회 개최…종로 일대 단계별 교통 통제,이데일리,False,https://www.edaily.co.kr/News/Read?newsId=02132006645448592,artifacts/hongbo_original_comparison/originals/오늘의주요뉴스/오늘의 주요 뉴스(260514).hwpx
2026-05-15,동국대 [법인/건학위],1,동국대 김성준 교수팀 'PIM 인공지능반도체 핵심기술개발' 국책과제 주관기관 선정,베리타스알파,False,https://www.veritas-a.com/news/articleView.html?idxno=610180,artifacts/hongbo_original_comparison/originals/오늘의주요뉴스/오늘의 주요 뉴스(260515).hwpx
2026-05-15,동국대 [법인/건학위],2,"동국대학교 박유헌 교수, 식약처 '제25회 식품안전의 날' 유공자 포장",대한급식신문,False,https://www.fsnews.co.kr/news/articleView.html?idxno=60906,artifacts/hongbo_original_comparison/originals/오늘의주요뉴스/오늘의 주요 뉴스(260515).hwpx
2026-05-15,동국대 [법인/건학위],3,"동국대 종학연, ‘하루 무문관’ 침묵 수행 성료",법보신문,False,https://www.beopbo.com/news/articleView.html?idxno=335439,artifacts/hongbo_original_comparison/originals/오늘의주요뉴스/오늘의 주요 뉴스(260515).hwpx
2026-05-15,동국대 [법인/건학위],4,"[동문소식 – 권기민(스포츠문화 24)] ‘총력전 예고’ 월드컵 휴식기 앞둔 제주SK FC, 전력 공백 메우고 안양전 승리로 ‘상위권 도약’ 다짐",스포츠경향,False,https://sports.khan.co.kr/article/202605142311003,artifacts/hongbo_original_comparison/originals/오늘의주요뉴스/오늘의 주요 뉴스(260515).hwpx
2026-05-15,대학 [교육],1,“사립대 ‘투명성’ 자체 평가 체계 구축”… 사총협 제35회 정기총회 개최,한국대학신문,False,https://news.unn.net/news/articleView.html?idxno=592537,artifacts/hongbo_original_comparison/originals/오늘의주요뉴스/오늘의 주요 뉴스(260515).hwpx
2026-05-15,대학 [교육],2,“학종 확대 두각” 대학이 본 2028대입 변화.. 교과/정시 ‘정성평가 확대’,베리타스알파,False,https://www.veritas-a.com/news/articleView.html?idxno=610085,artifacts/hongbo_original_comparison/originals/오늘의주요뉴스/오늘의 주요 뉴스(260515).hwpx
2026-05-15,불교 [종단],1,'1년의 기다림' 설레인다 ...연등회 내일 개막,BBS NEWS,False,https://news.bbsi.co.kr/news/articleView.html?idxno=4083668,artifacts/hongbo_original_comparison/originals/오늘의주요뉴스/오늘의 주요 뉴스(260515).hwpx
2026-05-15,불교 [종단],2,사찰음식 국가무형유산 지정 1주년 기념 사진전,불교신문,False,https://www.ibulgyo.com/news/articleView.html?idxno=438239,artifacts/hongbo_original_comparison/originals/오늘의주요뉴스/오늘의 주요 뉴스(260515).hwpx
2026-05-19,동국대 [법인/건학위],1,[2026년 각 단체장 봉축 메시지] 윤재웅 동국대학교 총장,법보신문,False,https://www.beopbo.com/news/articleView.html?idxno=335516,artifacts/hongbo_original_comparison/originals/오늘의주요뉴스/오늘의 주요 뉴스(260519) (1).hwpx
2026-05-19,동국대 [법인/건학위],2,"봉은사, 동국대 지역미래불자 육성에 힘 보태",BTN,False,https://www.btnnews.tv/news/articleView.html?idxno=90154,artifacts/hongbo_original_comparison/originals/오늘의주요뉴스/오늘의 주요 뉴스(260519) (1).hwpx
2026-05-19,동국대 [법인/건학위],3,[동문소식 – 이유진(연극 11)] “배우보다 먼저 꾼 꿈이 감독” 이유진 ‘디렉터스 아레나’ 출사표,스포츠경향,False,https://sports.khan.co.kr/article/202605181153013,artifacts/hongbo_original_comparison/originals/오늘의주요뉴스/오늘의 주요 뉴스(260519) (1).hwpx
2026-05-19,동국대 [법인/건학위],4,"[동문소식 - 김상윤(스포츠문화 23)] ‘꺼지지 않는 엔진’ 동국대 김상윤 “어느 때보다 치열하고, 간절하게”",바스켓코리아,False,https://basketkorea.com/news/newsview.php?ncode=1065619355275854,artifacts/hongbo_original_comparison/originals/오늘의주요뉴스/오늘의 주요 뉴스(260519) (1).hwpx
2026-05-19,대학 [교육],1,대학 ‘AI·글로벌·복지’ 신설학과 트렌드… 융·복합 교육 확대,한국대학신문,False,https://news.unn.net/news/articleView.html?idxno=592604,artifacts/hongbo_original_comparison/originals/오늘의주요뉴스/오늘의 주요 뉴스(260519) (1).hwpx
2026-05-19,대학 [교육],2,“반수 이력 다시 써내라”…1년 만에 바뀐 로스쿨 입시,서울경제,False,https://www.sedaily.com/article/20045409,artifacts/hongbo_original_comparison/originals/오늘의주요뉴스/오늘의 주요 뉴스(260519) (1).hwpx
2026-05-19,불교 [종단],1,"통도사, 불교계 첫 ‘개방형 수장고’…“대중과 소통하는 성보”",불교IN,False,https://www.bulgyo-in.com/news/articleView.html?idxno=2604,artifacts/hongbo_original_comparison/originals/오늘의주요뉴스/오늘의 주요 뉴스(260519) (1).hwpx
2026-05-19,불교 [종단],2,성원 스님 등 12명 제1대 국가유산위원 위촉,현대불교,False,https://www.hyunbulnews.com/news/articleView.html?idxno=503435,artifacts/hongbo_original_comparison/originals/오늘의주요뉴스/오늘의 주요 뉴스(260519) (1).hwpx
2026-05-19,불교 [종단],3,"일본 반환된 서산 부석사 불상, 복원본으로 봉안",현대불교,False,https://www.hyunbulnews.com/news/articleView.html?idxno=503426,artifacts/hongbo_original_comparison/originals/오늘의주요뉴스/오늘의 주요 뉴스(260519) (1).hwpx
2026-05-26,동국대 [법인/건학위],1,"김용현 교무부총장, “한반도 일화(一花)는 세계평화로 가는 출발점”",불교신문,False,https://www.ibulgyo.com/news/articleView.html?idxno=438516,artifacts/hongbo_original_comparison/originals/오늘의주요뉴스/오늘의 주요 뉴스(260526).hwpx
2026-05-26,동국대 [법인/건학위],2,"용인 서봉사, 동국대 학인 스님들에게 1,000만원",BTN,True,"https://www.btnnews.tv/news/articleView.html?idxno=90274
https://www.beopbo.com/news/articleView.html?idxno=335655",artifacts/hongbo_original_comparison/originals/오늘의주요뉴스/오늘의 주요 뉴스(260526).hwpx
2026-05-26,동국대 [법인/건학위],3,"김갑순 동국대 교수, 한국조세정책학회 제5대 학회장 선임",한국세정신문,False,https://www.taxtimes.co.kr/news/article.html?no=275264,artifacts/hongbo_original_comparison/originals/오늘의주요뉴스/오늘의 주요 뉴스(260526).hwpx
2026-05-26,동국대 [법인/건학위],4,"동국대, ‘2026 Dream Seminar 학부모연수-서울’ 성황리 개최",이뉴스투데이,False,https://www.enewstoday.co.kr/news/articleView.html?idxno=2432219,artifacts/hongbo_original_comparison/originals/오늘의주요뉴스/오늘의 주요 뉴스(260526).hwpx
2026-05-26,동국대 [법인/건학위],5,"[종학연구소] 건학 120주년 동국대, 불교서 미래사회 해법 찾다",현대불교,False,https://www.hyunbulnews.com/news/articleView.html?idxno=503567,artifacts/hongbo_original_comparison/originals/오늘의주요뉴스/오늘의 주요 뉴스(260526).hwpx
2026-05-26,대학 [교육],1,"""유료 구독이 성적 가른다""…대학가 번지는 'AI 디바이드'",뉴시스,False,https://www.newsis.com/view/NISX20260520_0003637590,artifacts/hongbo_original_comparison/originals/오늘의주요뉴스/오늘의 주요 뉴스(260526).hwpx
2026-05-26,대학 [교육],2,"서울은 AI, 경북은 로봇, 부산은 방산… 대학이 지역 성장의 '닻' 됐다",조선일보,False,https://www.chosun.com/national/education/2026/05/22/46UD3MZ7TVFDPC5DHJV5AGFGBI/,artifacts/hongbo_original_comparison/originals/오늘의주요뉴스/오늘의 주요 뉴스(260526).hwpx
2026-05-26,불교 [종단],1,세계평화·국민 마음평안 '기원'...불기 2570년 부처님오신날 봉축법요식 거행,불교신문,False,https://www.ibulgyo.com/news/articleView.html?idxno=438732,artifacts/hongbo_original_comparison/originals/오늘의주요뉴스/오늘의 주요 뉴스(260526).hwpx
2026-05-26,불교 [종단],2,"""자유롭고 편안한 불교에 푹 빠졌어요""…경쟁에 지친 MZ '열광'",뉴시스,False,https://www.newsis.com/view/NISX20260522_0003641512,artifacts/hongbo_original_comparison/originals/오늘의주요뉴스/오늘의 주요 뉴스(260526).hwpx
2026-06-24,동국대 [법인/건학위],1,"부산 숭림사, 동국대에 2천만 원 기부...""청년 불자 양성""",BBS NEWS,True,"https://news.bbsi.co.kr/news/articleView.html?idxno=4090563
https://www.beopbo.com/news/articleView.html?idxno=336201",artifacts/hongbo_original_comparison/originals/오늘의주요뉴스/오늘의 주요 뉴스(260624).hwpx
2026-06-24,동국대 [법인/건학위],2,"동국대학교 예술대학, 국내 최초 Estill Educational Affiliate(EEA) 협약 체결",,False,https://www.dongguk.edu/article/SCHOOLNEWS/detail/26765188,artifacts/hongbo_original_comparison/originals/오늘의주요뉴스/오늘의 주요 뉴스(260624).hwpx
2026-06-24,동국대 [법인/건학위],3,"수불스님 지도하는 동국대, 6박 7일 ‘간화선 집중수행 프로그램’",불교신문,False,https://www.ibulgyo.com/news/articleView.html?idxno=439503,artifacts/hongbo_original_comparison/originals/오늘의주요뉴스/오늘의 주요 뉴스(260624).hwpx
2026-06-24,동국대 [법인/건학위],4,동국대 2027 QS 세계대학평가 520위 '98계단 상승'.. '2년 연속 상승',베리타스알파,False,https://www.veritas-a.com/news/articleView.html?idxno=616048,artifacts/hongbo_original_comparison/originals/오늘의주요뉴스/오늘의 주요 뉴스(260624).hwpx
2026-06-24,동국대 [법인/건학위],5,[동문소식 – 최분도(인도철학 86)] 아태지역서 한반도 평화운동 펼치는 베트남 최분도 회장,연합뉴스,False,https://www.yna.co.kr/view/AKR20260623115500371,artifacts/hongbo_original_comparison/originals/오늘의주요뉴스/오늘의 주요 뉴스(260624).hwpx
2026-06-24,대학 [교육],1,[2027 QS 세계대학평가] 수도권-비수도권 격차 95계단… 4년간 수도권 상승폭이 더 컸다,한국대학신문,False,https://news.unn.net/news/articleView.html?idxno=593717,artifacts/hongbo_original_comparison/originals/오늘의주요뉴스/오늘의 주요 뉴스(260624).hwpx
2026-06-24,대학 [교육],2,"미래 영화인 키운다…서울영화센터, 전국 23개 대학 참여 영화제 개최",아주경제,False,https://www.ajunews.com/view/20260624093555369,artifacts/hongbo_original_comparison/originals/오늘의주요뉴스/오늘의 주요 뉴스(260624).hwpx
2026-06-24,대학 [교육],3,의대 정원 늘었지만 일반전형↓…비수도권 70% '지역 선발',뉴시스,False,https://www.newsis.com/view/NISX20260624_0003681151,artifacts/hongbo_original_comparison/originals/오늘의주요뉴스/오늘의 주요 뉴스(260624).hwpx
2026-06-24,불교 [종단],1,"‘257대 1’…나는 절로, 역대 최다인원 몰렸다",불교신문,False,https://www.ibulgyo.com/news/articleView.html?idxno=439469,artifacts/hongbo_original_comparison/originals/오늘의주요뉴스/오늘의 주요 뉴스(260624).hwpx
2026-06-29,동국대 [법인/건학위],1,"동국대, 만해 한용운 스님 82주기 추모다례재 봉행",불교신문,True,"https://www.ibulgyo.com/news/articleView.html?idxno=439627
https://news.bbsi.co.kr/news/articleView.html?idxno=4091514
https://www.btnnews.tv/news/articleView.html?idxno=90677",artifacts/hongbo_original_comparison/originals/오늘의주요뉴스/오늘의 주요 뉴스(260629).hwpx
2026-06-29,동국대 [법인/건학위],2,"동국대, ‘선재스님’ 다르마칼리지 석좌교수 임용",동아일보,True,"https://www.donga.com/news/Society/article/all/20260626/134188907/1
https://www.joongang.co.kr/article/25440229
https://www.yna.co.kr/view/AKR20260626118400004
https://www.ibulgyo.com/news/articleView.html?idxno=439639",artifacts/hongbo_original_comparison/originals/오늘의주요뉴스/오늘의 주요 뉴스(260629).hwpx
2026-06-29,동국대 [법인/건학위],3,"씨엔티테크·동국대기술지주·이화여대기술지주 컨소시엄, 교육부 모태펀드 GP 선정",딜사이트,False,https://dealsite.co.kr/articles/164360,artifacts/hongbo_original_comparison/originals/오늘의주요뉴스/오늘의 주요 뉴스(260629).hwpx
2026-06-29,동국대 [법인/건학위],4,기계연-PHM학회 ‘기계데이터 챌린지’ 성료… 동국대 BRIDGE팀 최우수상,금강일보,False,https://www.ggilbo.com/news/articleView.html?idxno=1166145,artifacts/hongbo_original_comparison/originals/오늘의주요뉴스/오늘의 주요 뉴스(260629).hwpx
2026-06-29,동국대 [법인/건학위],5,[동문소식 – 전재수(역사교육 90)] 전재수 “취임 1호 정책은 민생 100일 조치…해양수도·AI로 성장판 연다”,서울경제,False,https://www.sedaily.com/article/20061029,artifacts/hongbo_original_comparison/originals/오늘의주요뉴스/오늘의 주요 뉴스(260629).hwpx
2026-06-29,대학 [교육],1,"한국 세계 2위 연구역량, 왜 국가경쟁력은 21위인가",한국대학신문,False,https://news.unn.net/news/articleView.html?idxno=593970,artifacts/hongbo_original_comparison/originals/오늘의주요뉴스/오늘의 주요 뉴스(260629).hwpx
2026-06-29,대학 [교육],2,"교육부, AI 대입 챗봇·대입 박람회로 입시 정보 지원",한국대학신문,False,https://news.unn.net/news/articleView.html?idxno=594008,artifacts/hongbo_original_comparison/originals/오늘의주요뉴스/오늘의 주요 뉴스(260629).hwpx
2026-06-29,불교 [종단],1,신임 교법사 5명 탄생‥전국교법사단 ‘81돌’,BTN,True,"https://www.btnnews.tv/news/articleView.html?idxno=90686
https://news.bbsi.co.kr/news/articleView.html?idxno=4091619",artifacts/hongbo_original_comparison/originals/오늘의주요뉴스/오늘의 주요 뉴스(260629).hwpx
2026-07-08,동국대 [법인/건학위],1,청화 대종사 생애와 사상 디지털 집대성...동국대 불교학술원 착수,BBS NEWS,True,"https://news.bbsi.co.kr/news/articleView.html?idxno=4093600
https://www.hyunbulnews.com/news/articleView.html?idxno=504217
https://www.btnnews.tv/news/articleView.html?idxno=90795",artifacts/hongbo_original_comparison/originals/오늘의 주요 뉴스(260708) (1).hwpx
2026-07-08,동국대 [법인/건학위],2,"고양 기쁨정사 주지 지인스님, 동국대 로터스관 건립 위해 1천만원 희사",불교신문,True,"https://www.ibulgyo.com/news/articleView.html?idxno=439918
https://www.beopbo.com/news/articleView.html?idxno=336474",artifacts/hongbo_original_comparison/originals/오늘의 주요 뉴스(260708) (1).hwpx
2026-07-08,동국대 [법인/건학위],3,"동국대, SK하이닉스 오프라인 특강&코칭 성료",,False,https://www.dongguk.edu/article/SCHOOLEVENTS/detail/26765357,artifacts/hongbo_original_comparison/originals/오늘의 주요 뉴스(260708) (1).hwpx
2026-07-08,동국대 [법인/건학위],4,"[동문소식 – 최중홍(국문 81)] 조계종출판사, 최중홍 신임 대표이사 선임",BTN,False,https://www.btnnews.tv/news/articleView.html?idxno=90783,artifacts/hongbo_original_comparison/originals/오늘의 주요 뉴스(260708) (1).hwpx
2026-07-08,동국대 [법인/건학위],5,"[동문소식 – 김철웅(국제통상 95)] 바이오젠코리아, AZ 출신 김철웅 신임 대표이사 내정",데일리팜,False,https://www.dailypharm.com/user/news/340214?REFERER=NP,artifacts/hongbo_original_comparison/originals/오늘의 주요 뉴스(260708) (1).hwpx
2026-07-08,대학 [교육],1,“대학 학적·고용 정보 등 원하는 기관에 전송”… 개인정보 제3자 전송요구권 확대 추진,한국대학신문,False,https://news.unn.net/news/articleView.html?idxno=594416,artifacts/hongbo_original_comparison/originals/오늘의 주요 뉴스(260708) (1).hwpx
2026-07-08,대학 [교육],2,‘교육교부금’ 대학에도 쓰자… 교육교부금 개편 ‘공개토론’ 열린다,한국대학신문,False,https://news.unn.net/news/articleView.html?idxno=594386,artifacts/hongbo_original_comparison/originals/오늘의 주요 뉴스(260708) (1).hwpx
2026-07-08,불교 [종단],1,"불교 복식 핵심 '가사', 종단 최초 저작권 등록 쾌거",불교신문,False,https://www.ibulgyo.com/news/articleView.html?idxno=439916,artifacts/hongbo_original_comparison/originals/오늘의 주요 뉴스(260708) (1).hwpx
2026-07-09,동국대 [법인/건학위],1,"동국대기술지주, 교육부 모태펀드 출자사업 운용사 선정",전자신문,True,"https://www.etnews.com/20260708000354
https://www.news1.kr/society/education/6221929
https://weekly.hankooki.com/news/articleView.html?idxno=7173431",artifacts/hongbo_original_comparison/originals/오늘의 주요 뉴스(260709) (1).hwpx
2026-07-09,동국대 [법인/건학위],2,"동국대, 국제한국어교육학회 제36차 국제학술대회 성료",,False,https://www.dongguk.edu/article/SCHOOLEVENTS/detail/26765362,artifacts/hongbo_original_comparison/originals/오늘의 주요 뉴스(260709) (1).hwpx
2026-07-09,동국대 [법인/건학위],3,"대학생 혁신식품개발 경진대회 '에코트로펠리아 코리아 2026', 동국대 대상·우수상 수상",핀포인트뉴스,False,https://www.pinpointnews.co.kr/news/articleView.html?idxno=466058,artifacts/hongbo_original_comparison/originals/오늘의 주요 뉴스(260709) (1).hwpx
2026-07-09,동국대 [법인/건학위],4,"[동문소식 – 최민식(연극영화 82)] ""주름 하나에도 인생을 담는다"" 최민식의 연기 외길 45년",OBS TV,False,https://www.obsnews.co.kr/news/articleView.html?idxno=1529917,artifacts/hongbo_original_comparison/originals/오늘의 주요 뉴스(260709) (1).hwpx
2026-07-09,대학 [교육],1,"“대학은 고사 직전, 고등교육재정교부금법 필요” 교부금 개편 토론서 재원 확대 요구",한국대학신문,False,https://news.unn.net/news/articleView.html?idxno=594456,artifacts/hongbo_original_comparison/originals/오늘의 주요 뉴스(260709) (1).hwpx
2026-07-09,불교 [종단],1,40년 역사로 포교사단 미래 모색…“디지털 포교 강화·정체성 확립 필요”,법보신문,False,https://www.beopbo.com/news/articleView.html?idxno=336499,artifacts/hongbo_original_comparison/originals/오늘의 주요 뉴스(260709) (1).hwpx
2026-07-09,불교 [종단],2,"만공선사 제자 포산스님, 생애와 법맥 첫 복원",불교신문,False,https://www.ibulgyo.com/news/articleView.html?idxno=439928,artifacts/hongbo_original_comparison/originals/오늘의 주요 뉴스(260709) (1).hwpx
2026-07-10,동국대 [법인/건학위],1,"㈜제일테크노스 나경미 명예회장(정치외교 70), 장학금 2천만 원 전달… 사회과학대학 불교동아리 학생 등 대상",,False,https://www.dongguk.edu/article/DEVFUND/detail/26765378,artifacts/hongbo_original_comparison/originals/오늘의 주요 뉴스(260710) (1).hwpx
2026-07-10,동국대 [법인/건학위],2,"학생·교원 창업에 펀드 전액 투자…동국대기술지주, 대학창업펀드 운용",아시아투데이,False,https://www.asiatoday.co.kr/kn/view.php?key=20260709010003669,artifacts/hongbo_original_comparison/originals/오늘의 주요 뉴스(260710) (1).hwpx
2026-07-10,동국대 [법인/건학위],3,"[108리더스] 뜨거운 여름, 2박 3일 농촌 봉사활동의 추억",,False,https://www.dongguk.edu/article/SCHOOLNEWS/detail/26765369,artifacts/hongbo_original_comparison/originals/오늘의 주요 뉴스(260710) (1).hwpx
2026-07-10,동국대 [법인/건학위],4,"[대학농구] 극적 역전승 거둔 이호근 감독의 바람, 동국대의 첫 결선 진출",점프볼,False,https://jumpball.co.kr/news/newsview.php?ncode=1065613113890504,artifacts/hongbo_original_comparison/originals/오늘의 주요 뉴스(260710) (1).hwpx
2026-07-10,대학 [교육],1,기업이 지방에 투자하면 대학 '정원 예외' 인정한다,파이낸셜뉴스,False,https://www.fnnews.com/news/202607091018056630,artifacts/hongbo_original_comparison/originals/오늘의 주요 뉴스(260710) (1).hwpx
2026-07-10,대학 [교육],2,"대교협, 23~25일 코엑스서 수시 박람회",파이낸셜뉴스,False,https://www.fnnews.com/news/202607091211144252,artifacts/hongbo_original_comparison/originals/오늘의 주요 뉴스(260710) (1).hwpx
2026-07-10,불교 [종단],1,부산불교박람회 와뿌따...오이소 보이소 즐기이소,불교신문,False,https://www.ibulgyo.com/news/articleView.html?idxno=439967,artifacts/hongbo_original_comparison/originals/오늘의 주요 뉴스(260710) (1).hwpx
2026-07-10,불교 [종단],2,함안지역 최대 사찰 '의곡사지' 5차 발굴조사 착수,프라임경제,False,https://www.newsprime.co.kr/news/article/?no=739586,artifacts/hongbo_original_comparison/originals/오늘의 주요 뉴스(260710) (1).hwpx
2026-07-10,불교 [종단],3,올여름 산사서 ‘불교영화’ 보면서 무더위 잊고 힐링한다,불교신문,False,https://www.ibulgyo.com/news/articleView.html?idxno=439962,artifacts/hongbo_original_comparison/originals/오늘의 주요 뉴스(260710) (1).hwpx
